underlying,equity_ticker,expiration,T,side,strike,log_moneyness,bid,ask,last,iv,volume,open_interest,spot_at_fetch
AMZN,AMZN,2026-05-04,0.0027397260273972603,C,200.0,-0.29363932932948933,66.4,69.95,65.4,2.7382844042968753,,2,268.260009765625
AMZN,AMZN,2026-05-04,0.0027397260273972603,C,205.0,-0.26894671673911774,61.4,65.0,60.82,2.573245754394531,1.0,2,268.260009765625
AMZN,AMZN,2026-05-04,0.0027397260273972603,C,210.0,-0.2448491651600573,56.4,59.85,54.0,2.3330119799804683,2.0,3,268.260009765625
AMZN,AMZN,2026-05-04,0.0027397260273972603,C,212.5,-0.2330147075130544,53.95,57.4,51.67,2.2626996557617183,3.0,3,268.260009765625
AMZN,AMZN,2026-05-04,0.0027397260273972603,C,215.0,-0.22131866774986314,51.45,54.55,51.94,2.037114282226563,1.0,8,268.260009765625
AMZN,AMZN,2026-05-04,0.0027397260273972603,C,217.5,-0.2097578453487872,48.95,52.45,50.87,2.102543806152343,10.0,3,268.260009765625
AMZN,AMZN,2026-05-04,0.0027397260273972603,C,220.0,-0.19832914952516434,46.4,49.95,48.38,2.014165120849609,33.0,61,268.260009765625
AMZN,AMZN,2026-05-04,0.0027397260273972603,C,222.5,-0.187029594271231,43.95,46.4,46.47,1.4834010205078125,19.0,6,268.260009765625
AMZN,AMZN,2026-05-04,0.0027397260273972603,C,225.0,-0.17585629367310582,41.5,44.15,43.68,1.5380882470703123,27.0,15,268.260009765625
AMZN,AMZN,2026-05-04,0.0027397260273972603,C,227.5,-0.1648064574865209,38.9,42.4,41.1,1.7348646069335936,8.0,11,268.260009765625
AMZN,AMZN,2026-05-04,0.0027397260273972603,C,230.0,-0.15387738695433054,36.4,38.7,38.62,1.142582412109375,7.0,15,268.260009765625
AMZN,AMZN,2026-05-04,0.0027397260273972603,C,232.5,-0.14306647085011492,33.9,37.45,32.65,1.575685715332031,43.0,4,268.260009765625
AMZN,AMZN,2026-05-04,0.0027397260273972603,C,235.0,-0.132371181733367,31.4,34.8,33.61,1.445803552246094,5.0,35,268.260009765625
AMZN,AMZN,2026-05-04,0.0027397260273972603,C,237.5,-0.1217890724028301,28.95,32.5,31.32,1.414553708496094,2.0,10,268.260009765625
AMZN,AMZN,2026-05-04,0.0027397260273972603,C,240.0,-0.11131777253553461,27.35,28.9,28.75,0.975586181640625,10.0,88,268.260009765625
AMZN,AMZN,2026-05-04,0.0027397260273972603,C,242.5,-0.10095498549998806,24.3,27.45,29.5,1.2260780883789062,301.0,348,268.260009765625
AMZN,AMZN,2026-05-04,0.0027397260273972603,C,245.0,-0.09069848533279899,21.6,24.1,23.97,0.9038095556640625,10.0,66,268.260009765625
AMZN,AMZN,2026-05-04,0.0027397260273972603,C,247.5,-0.0805461138687809,19.4,21.7,24.75,0.85742330078125,22.0,30,268.260009765625
AMZN,AMZN,2026-05-04,0.0027397260273972603,C,250.0,-0.0704957780152795,18.05,18.75,18.4,0.6279334082031252,118.0,357,268.260009765625
AMZN,AMZN,2026-05-04,0.0027397260273972603,C,252.5,-0.060545447162111445,15.6,17.1,16.0,0.594730615234375,1021.0,1057,268.260009765625
AMZN,AMZN,2026-05-04,0.0027397260273972603,C,255.0,-0.05069315071909985,13.1,13.9,13.5,0.5361374511718751,150.0,345,268.260009765625
AMZN,AMZN,2026-05-04,0.0027397260273972603,C,257.5,-0.040936975773735076,9.9,11.45,11.03,0.4726615234375,122.0,343,268.260009765625
AMZN,AMZN,2026-05-04,0.0027397260273972603,C,260.0,-0.031275064861998214,8.3,8.75,8.5,0.3413151806640625,1225.0,3699,268.260009765625
AMZN,AMZN,2026-05-04,0.0027397260273972603,C,262.5,-0.021705613845847536,5.95,6.35,6.16,0.2876047802734374,2464.0,2485,268.260009765625
AMZN,AMZN,2026-05-04,0.0027397260273972603,C,265.0,-0.012226869891303683,3.95,4.25,4.11,0.26856200195312496,4260.0,1970,268.260009765625
AMZN,AMZN,2026-05-04,0.0027397260273972603,C,267.5,-0.0028371295414646855,2.32,2.47,2.43,0.24976336181640624,4273.0,991,268.260009765625
AMZN,AMZN,2026-05-04,0.0027397260273972603,C,270.0,0.006465263120848804,1.2,1.25,1.24,0.24390404541015626,15367.0,3065,268.260009765625
AMZN,AMZN,2026-05-04,0.0027397260273972603,C,272.5,0.015681918225772782,0.58,0.62,0.6,0.25586681640625003,9824.0,2289,268.260009765625
AMZN,AMZN,2026-05-04,0.0027397260273972603,C,275.0,0.024814401789045277,0.29,0.32,0.29,0.2758861474609374,10772.0,2022,268.260009765625
AMZN,AMZN,2026-05-04,0.0027397260273972603,C,277.5,0.03386423730896316,0.15,0.16,0.15,0.2929758203124999,5420.0,1250,268.260009765625
AMZN,AMZN,2026-05-04,0.0027397260273972603,C,280.0,0.042832907291723746,0.08,0.09,0.09,0.31641308593749995,3705.0,1596,268.260009765625
AMZN,AMZN,2026-05-04,0.0027397260273972603,C,282.5,0.05172185470896974,0.04,0.06,0.06,0.34570966796874997,2657.0,787,268.260009765625
AMZN,AMZN,2026-05-04,0.0027397260273972603,C,285.0,0.06053248439112461,0.03,0.04,0.03,0.3711000390625,810.0,1458,268.260009765625
AMZN,AMZN,2026-05-04,0.0027397260273972603,C,287.5,0.06926616435987919,0.01,0.04,0.02,0.41797457031249996,125.0,339,268.260009765625
AMZN,AMZN,2026-05-04,0.0027397260273972603,C,290.0,0.07792422710299374,0.01,0.03,0.02,0.445318046875,862.0,1491,268.260009765625
AMZN,AMZN,2026-05-04,0.0027397260273972603,C,292.5,0.08650797079438517,0.0,0.04,0.01,0.507817421875,243.0,102,268.260009765625
AMZN,AMZN,2026-05-04,0.0027397260273972603,C,295.0,0.09501866046229379,0.0,0.08,0.01,0.5507857421875001,351.0,660,268.260009765625
AMZN,AMZN,2026-05-04,0.0027397260273972603,C,297.5,0.10345752910815859,0.0,0.1,0.01,0.6093789062500001,211.0,242,268.260009765625
AMZN,AMZN,2026-05-04,0.0027397260273972603,C,300.0,0.11182577877867517,0.0,0.01,0.01,0.51562984375,1085.0,1650,268.260009765625
AMZN,AMZN,2026-05-04,0.0027397260273972603,C,302.5,0.12012458159337024,0.0,0.01,0.01,0.5468795312500001,27.0,420,268.260009765625
AMZN,AMZN,2026-05-04,0.0027397260273972603,C,305.0,0.1283550807298857,0.0,0.02,0.01,0.6171913281250001,16.0,471,268.260009765625
AMZN,AMZN,2026-05-04,0.0027397260273972603,C,307.5,0.1365183913690466,0.0,0.03,0.04,0.6796907031250001,3.0,87,268.260009765625
AMZN,AMZN,2026-05-04,0.0027397260273972603,C,310.0,0.14461560160166592,0.0,0.01,0.01,0.64062859375,2.0,343,268.260009765625
AMZN,AMZN,2026-05-04,0.0027397260273972603,C,315.0,0.16061594294810722,0.0,0.01,0.02,0.7187528125,61.0,271,268.260009765625
AMZN,AMZN,2026-05-04,0.0027397260273972603,C,320.0,0.17636429991624633,0.0,0.02,0.02,0.8281267187499999,38.0,258,268.260009765625
AMZN,AMZN,2026-05-04,0.0027397260273972603,C,325.0,0.19186848645221152,0.0,0.05,0.02,0.9687503125,5.0,101,268.260009765625
AMZN,AMZN,2026-05-04,0.0027397260273972603,C,330.0,0.2071359585829999,0.0,0.01,0.01,0.9062509375,1.0,338,268.260009765625
AMZN,AMZN,2026-05-04,0.0027397260273972603,C,335.0,0.22217383594754056,0.0,0.07,0.07,1.140629296875,9.0,171,268.260009765625
AMZN,AMZN,2026-05-04,0.0027397260273972603,C,340.0,0.23698892173268113,0.0,0.08,0.07,1.2265663671875,1.0,120,268.260009765625
AMZN,AMZN,2026-05-04,0.0027397260273972603,C,345.0,0.25158772115383377,0.0,0.25,0.02,1.48047134765625,3.0,13,268.260009765625
AMZN,AMZN,2026-05-04,0.0027397260273972603,P,197.5,-0.30621811153634937,0.0,0.01,0.01,1.3125034374999998,1.0,39,268.260009765625
AMZN,AMZN,2026-05-04,0.0027397260273972603,P,200.0,-0.29363932932948933,0.0,0.01,0.01,1.2500037499999999,4.0,75,268.260009765625
AMZN,AMZN,2026-05-04,0.0027397260273972603,P,202.5,-0.28121680933093207,0.0,0.01,0.15,1.21875390625,,3,268.260009765625
AMZN,AMZN,2026-05-04,0.0027397260273972603,P,205.0,-0.26894671673911774,0.0,0.01,0.03,1.15625421875,2.0,142,268.260009765625
AMZN,AMZN,2026-05-04,0.0027397260273972603,P,207.5,-0.256825356206773,0.0,0.01,0.01,1.125004375,,13,268.260009765625
AMZN,AMZN,2026-05-04,0.0027397260273972603,P,210.0,-0.2448491651600573,0.0,0.01,0.01,1.0625046875000002,15.0,152,268.260009765625
AMZN,AMZN,2026-05-04,0.0027397260273972603,P,212.5,-0.2330147075130544,0.0,0.01,0.01,1.0312548437500002,1.0,12,268.260009765625
AMZN,AMZN,2026-05-04,0.0027397260273972603,P,215.0,-0.22131866774986314,0.0,0.01,0.02,0.9687503125,3.0,304,268.260009765625
AMZN,AMZN,2026-05-04,0.0027397260273972603,P,217.5,-0.2097578453487872,0.0,0.06,0.02,1.1015669921875002,1.0,3261,268.260009765625
AMZN,AMZN,2026-05-04,0.0027397260273972603,P,220.0,-0.19832914952516434,0.0,0.01,0.01,0.87500125,8.0,156,268.260009765625
AMZN,AMZN,2026-05-04,0.0027397260273972603,P,222.5,-0.187029594271231,0.0,0.1,0.02,1.05078599609375,5.0,3255,268.260009765625
AMZN,AMZN,2026-05-04,0.0027397260273972603,P,225.0,-0.17585629367310582,0.0,0.01,0.01,0.7812521875,2.0,247,268.260009765625
AMZN,AMZN,2026-05-04,0.0027397260273972603,P,227.5,-0.1648064574865209,0.0,0.02,0.03,0.79687703125,151.0,165,268.260009765625
AMZN,AMZN,2026-05-04,0.0027397260273972603,P,230.0,-0.15387738695433054,0.0,0.01,0.01,0.6875031250000001,48.0,311,268.260009765625
AMZN,AMZN,2026-05-04,0.0027397260273972603,P,232.5,-0.14306647085011492,0.0,0.01,0.01,0.6562534375000001,30.0,214,268.260009765625
AMZN,AMZN,2026-05-04,0.0027397260273972603,P,235.0,-0.132371181733367,0.0,0.01,0.01,0.6093789062500001,171.0,360,268.260009765625
AMZN,AMZN,2026-05-04,0.0027397260273972603,P,237.5,-0.1217890724028301,0.01,0.02,0.01,0.6250037500000001,40.0,1765,268.260009765625
AMZN,AMZN,2026-05-04,0.0027397260273972603,P,240.0,-0.11131777253553461,0.01,0.03,0.02,0.5937540625000001,109.0,617,268.260009765625
AMZN,AMZN,2026-05-04,0.0027397260273972603,P,242.5,-0.10095498549998806,0.01,0.03,0.02,0.5468795312500001,114.0,2961,268.260009765625
AMZN,AMZN,2026-05-04,0.0027397260273972603,P,245.0,-0.09069848533279899,0.01,0.05,0.02,0.523442265625,435.0,592,268.260009765625
AMZN,AMZN,2026-05-04,0.0027397260273972603,P,247.5,-0.0805461138687809,0.01,0.05,0.03,0.5039112109375,240.0,562,268.260009765625
AMZN,AMZN,2026-05-04,0.0027397260273972603,P,250.0,-0.0704957780152795,0.02,0.04,0.03,0.43555251953125,545.0,1028,268.260009765625
AMZN,AMZN,2026-05-04,0.0027397260273972603,P,252.5,-0.060545447162111445,0.03,0.05,0.05,0.39453730468750003,416.0,577,268.260009765625
AMZN,AMZN,2026-05-04,0.0027397260273972603,P,255.0,-0.05069315071909985,0.04,0.07,0.05,0.35742830078125,288.0,1060,268.260009765625
AMZN,AMZN,2026-05-04,0.0027397260273972603,P,257.5,-0.040936975773735076,0.08,0.1,0.1,0.32031929687499994,624.0,420,268.260009765625
AMZN,AMZN,2026-05-04,0.0027397260273972603,P,260.0,-0.031275064861998214,0.15,0.16,0.15,0.28516339843749994,4301.0,1342,268.260009765625
AMZN,AMZN,2026-05-04,0.0027397260273972603,P,262.5,-0.021705613845847536,0.31,0.34,0.34,0.26709717285156254,3151.0,473,268.260009765625
AMZN,AMZN,2026-05-04,0.0027397260273972603,P,265.0,-0.012226869891303683,0.7,0.76,0.68,0.2573316455078125,3269.0,380,268.260009765625
AMZN,AMZN,2026-05-04,0.0027397260273972603,P,267.5,-0.0028371295414646855,1.48,1.57,1.52,0.25220474365234374,2588.0,149,268.260009765625
AMZN,AMZN,2026-05-04,0.0027397260273972603,P,270.0,0.006465263120848804,2.72,2.97,2.98,0.2622144091796875,4064.0,138,268.260009765625
AMZN,AMZN,2026-05-04,0.0027397260273972603,P,272.5,0.015681918225772782,4.5,4.9,4.9,0.2890696093749999,859.0,72,268.260009765625
AMZN,AMZN,2026-05-04,0.0027397260273972603,P,275.0,0.024814401789045277,6.5,7.8,6.62,0.44775942871093743,137.0,118,268.260009765625
AMZN,AMZN,2026-05-04,0.0027397260273972603,P,277.5,0.03386423730896316,8.95,10.65,7.55,0.5961954443359375,13.0,50,268.260009765625
AMZN,AMZN,2026-05-04,0.0027397260273972603,P,280.0,0.042832907291723746,10.85,13.1,11.35,0.6752962158203126,25.0,39,268.260009765625
AMZN,AMZN,2026-05-04,0.0027397260273972603,P,282.5,0.05172185470896974,12.65,15.8,18.54,0.7944356494140624,1.0,16,268.260009765625
AMZN,AMZN,2026-05-04,0.0027397260273972603,P,285.0,0.06053248439112461,14.95,18.5,26.03,0.9125985302734375,,23,268.260009765625
AMZN,AMZN,2026-05-04,0.0027397260273972603,P,292.5,0.08650797079438517,22.8,25.95,23.57,0.700198310546875,2.0,2,268.260009765625
AMZN,AMZN,2026-05-04,0.0027397260273972603,P,310.0,0.14461560160166592,40.15,43.25,40.1,0.9179695703125,50.0,0,268.260009765625
AMZN,AMZN,2026-05-04,0.0027397260273972603,P,330.0,0.2071359585829999,60.15,63.45,66.05,1.359378203125,,0,268.260009765625
AMZN,AMZN,2026-05-04,0.0027397260273972603,P,335.0,0.22217383594754056,65.15,68.5,71.03,1.46484642578125,,0,268.260009765625
AMZN,AMZN,2026-05-04,0.0027397260273972603,P,340.0,0.23698892173268113,70.15,73.5,76.71,1.5449241503906248,,0,268.260009765625
AMZN,AMZN,2026-05-11,0.019178082191780823,C,200.0,-0.29363932932948933,66.65,70.15,60.7,1.329349056396484,,2,268.260009765625
AMZN,AMZN,2026-05-11,0.019178082191780823,C,205.0,-0.26894671673911774,61.65,65.1,60.52,1.2314491552734375,,502,268.260009765625
AMZN,AMZN,2026-05-11,0.019178082191780823,C,210.0,-0.2448491651600573,56.75,59.4,60.49,1.0083057397460937,2.0,0,268.260009765625
AMZN,AMZN,2026-05-11,0.019178082191780823,C,215.0,-0.22131866774986314,52.2,54.5,58.0,0.9501958105468749,2.0,21,268.260009765625
AMZN,AMZN,2026-05-11,0.019178082191780823,C,217.5,-0.2097578453487872,49.35,52.6,52.21,0.5546919531250001,2.0,0,268.260009765625
AMZN,AMZN,2026-05-11,0.019178082191780823,C,220.0,-0.19832914952516434,46.85,50.2,43.52,0.5742230078125,,6,268.260009765625
AMZN,AMZN,2026-05-11,0.019178082191780823,C,222.5,-0.187029594271231,44.7,46.85,49.0,0.8037129003906249,1.0,1,268.260009765625
AMZN,AMZN,2026-05-11,0.019178082191780823,C,225.0,-0.17585629367310582,42.3,45.05,33.6,0.5922892333984376,,6,268.260009765625
AMZN,AMZN,2026-05-11,0.019178082191780823,C,227.5,-0.1648064574865209,39.2,41.85,41.25,0.727541787109375,2.0,1,268.260009765625
AMZN,AMZN,2026-05-11,0.019178082191780823,C,230.0,-0.15387738695433054,37.4,39.0,40.3,0.6201209863281252,3.0,4,268.260009765625
AMZN,AMZN,2026-05-11,0.019178082191780823,C,232.5,-0.14306647085011492,34.85,37.75,35.97,0.5366257275390626,1.0,0,268.260009765625
AMZN,AMZN,2026-05-11,0.019178082191780823,C,235.0,-0.132371181733367,31.75,35.25,24.55,0.7397486962890624,,2,268.260009765625
AMZN,AMZN,2026-05-11,0.019178082191780823,C,237.5,-0.1217890724028301,29.5,31.85,31.08,0.5764202514648438,5.0,15,268.260009765625
AMZN,AMZN,2026-05-11,0.019178082191780823,C,240.0,-0.11131777253553461,27.35,29.8,29.04,0.6005899316406251,8.0,41,268.260009765625
AMZN,AMZN,2026-05-11,0.019178082191780823,C,245.0,-0.09069848533279899,21.95,24.4,24.66,0.4694877270507813,7.0,2,268.260009765625
AMZN,AMZN,2026-05-11,0.019178082191780823,C,247.5,-0.0805461138687809,19.85,22.3,21.64,0.47827670166015623,4.0,1,268.260009765625
AMZN,AMZN,2026-05-11,0.019178082191780823,C,250.0,-0.0704957780152795,17.6,19.45,21.84,0.3979552392578125,17.0,19,268.260009765625
AMZN,AMZN,2026-05-11,0.019178082191780823,C,252.5,-0.060545447162111445,15.25,17.2,19.04,0.3846497082519531,2.0,8,268.260009765625
AMZN,AMZN,2026-05-11,0.019178082191780823,C,255.0,-0.05069315071909985,13.5,14.75,14.63,0.34729656616210935,121.0,232,268.260009765625
AMZN,AMZN,2026-05-11,0.019178082191780823,C,257.5,-0.040936975773735076,11.65,12.55,11.75,0.32971861694335935,85.0,208,268.260009765625
AMZN,AMZN,2026-05-11,0.019178082191780823,C,260.0,-0.031275064861998214,8.9,10.35,10.5,0.3060372131347656,119.0,289,268.260009765625
AMZN,AMZN,2026-05-11,0.019178082191780823,C,262.5,-0.021705613845847536,8.0,8.4,8.2,0.2934640966796874,33.0,91,268.260009765625
AMZN,AMZN,2026-05-11,0.019178082191780823,C,265.0,-0.012226869891303683,6.3,6.7,6.3,0.28711650390624993,124.0,283,268.260009765625
AMZN,AMZN,2026-05-11,0.019178082191780823,C,267.5,-0.0028371295414646855,4.7,5.65,4.77,0.3083565258789062,71.0,31,268.260009765625
AMZN,AMZN,2026-05-11,0.019178082191780823,C,270.0,0.006465263120848804,3.45,3.9,3.73,0.2755199401855468,351.0,358,268.260009765625
AMZN,AMZN,2026-05-11,0.019178082191780823,C,272.5,0.015681918225772782,2.49,2.96,3.02,0.2786937365722656,110.0,90,268.260009765625
AMZN,AMZN,2026-05-11,0.019178082191780823,C,275.0,0.024814401789045277,1.8,2.12,2.01,0.2758861474609374,208.0,132,268.260009765625
AMZN,AMZN,2026-05-11,0.019178082191780823,C,277.5,0.03386423730896316,1.26,1.58,1.47,0.28186753295898437,48.0,61,268.260009765625
AMZN,AMZN,2026-05-11,0.019178082191780823,C,280.0,0.042832907291723746,0.9,1.1,1.1,0.28174546386718746,282.0,277,268.260009765625
AMZN,AMZN,2026-05-11,0.019178082191780823,C,282.5,0.05172185470896974,0.65,0.78,0.67,0.2854075366210937,95.0,54,268.260009765625
AMZN,AMZN,2026-05-11,0.019178082191780823,C,285.0,0.06053248439112461,0.42,0.61,0.74,0.29761444580078117,111.0,875,268.260009765625
AMZN,AMZN,2026-05-11,0.019178082191780823,C,287.5,0.06926616435987919,0.28,0.47,0.45,0.30762411132812495,19.0,4,268.260009765625
AMZN,AMZN,2026-05-11,0.019178082191780823,C,290.0,0.07792422710299374,0.22,0.38,0.34,0.32080757324218745,43.0,965,268.260009765625
AMZN,AMZN,2026-05-11,0.019178082191780823,C,292.5,0.08650797079438517,0.16,0.31,0.28,0.33350275878906255,10.0,95,268.260009765625
AMZN,AMZN,2026-05-11,0.019178082191780823,C,295.0,0.09501866046229379,0.1,0.25,0.18,0.344733115234375,7.0,12,268.260009765625
AMZN,AMZN,2026-05-11,0.019178082191780823,C,297.5,0.10345752910815859,0.07,0.22,0.23,0.36084623535156246,2.0,1,268.260009765625
AMZN,AMZN,2026-05-11,0.019178082191780823,C,300.0,0.11182577877867517,0.06,0.17,0.19,0.36817038085937503,30.0,132,268.260009765625
AMZN,AMZN,2026-05-11,0.019178082191780823,C,302.5,0.12012458159337024,0.04,0.16,0.1,0.38672488281249995,11.0,1,268.260009765625
AMZN,AMZN,2026-05-11,0.019178082191780823,C,305.0,0.1283550807298857,0.03,0.13,0.11,0.39551385742187506,,13,268.260009765625
AMZN,AMZN,2026-05-11,0.019178082191780823,C,307.5,0.1365183913690466,0.01,0.11,0.9,0.407232490234375,,2,268.260009765625
AMZN,AMZN,2026-05-11,0.019178082191780823,C,310.0,0.14461560160166592,0.03,0.09,0.05,0.41602146484374997,2.0,13,268.260009765625
AMZN,AMZN,2026-05-11,0.019178082191780823,C,312.5,0.15264777329893017,0.01,0.09,0.08,0.43555251953125,15.0,0,268.260009765625
AMZN,AMZN,2026-05-11,0.019178082191780823,C,315.0,0.16061594294810722,0.01,0.08,0.04,0.44727115234375,15.0,18,268.260009765625
AMZN,AMZN,2026-05-11,0.019178082191780823,C,320.0,0.17636429991624633,0.01,0.11,0.04,0.50586431640625,,19,268.260009765625
AMZN,AMZN,2026-05-11,0.019178082191780823,C,345.0,0.25158772115383377,0.0,0.04,0.04,0.570316796875,,70,268.260009765625
AMZN,AMZN,2026-05-11,0.019178082191780823,P,200.0,-0.29363932932948933,0.0,0.33,0.07,0.8623060644531251,17.0,28,268.260009765625
AMZN,AMZN,2026-05-11,0.019178082191780823,P,205.0,-0.26894671673911774,0.0,0.01,0.01,0.5468795312500001,,29,268.260009765625
AMZN,AMZN,2026-05-11,0.019178082191780823,P,210.0,-0.2448491651600573,0.0,0.1,0.15,0.6289099609375001,,18,268.260009765625
AMZN,AMZN,2026-05-11,0.019178082191780823,P,212.5,-0.2330147075130544,0.0,0.11,0.2,0.6093789062500001,,2,268.260009765625
AMZN,AMZN,2026-05-11,0.019178082191780823,P,215.0,-0.22131866774986314,0.02,0.07,0.13,0.56836369140625,,13,268.260009765625
AMZN,AMZN,2026-05-11,0.019178082191780823,P,217.5,-0.2097578453487872,0.0,0.09,0.55,0.5429733203125001,,5,268.260009765625
AMZN,AMZN,2026-05-11,0.019178082191780823,P,220.0,-0.19832914952516434,0.01,0.08,0.11,0.51562984375,,150,268.260009765625
AMZN,AMZN,2026-05-11,0.019178082191780823,P,222.5,-0.187029594271231,0.01,0.06,0.08,0.507817421875,4.0,15,268.260009765625
AMZN,AMZN,2026-05-11,0.019178082191780823,P,225.0,-0.17585629367310582,0.01,0.08,0.1,0.49805189453125004,5.0,15,268.260009765625
AMZN,AMZN,2026-05-11,0.019178082191780823,P,227.5,-0.1648064574865209,0.02,0.06,0.12,0.45313046875,,2,268.260009765625
AMZN,AMZN,2026-05-11,0.019178082191780823,P,230.0,-0.15387738695433054,0.02,0.06,0.04,0.42676354492187507,6.0,1998,268.260009765625
AMZN,AMZN,2026-05-11,0.019178082191780823,P,232.5,-0.14306647085011492,0.01,0.13,1.51,0.446294599609375,,2,268.260009765625
AMZN,AMZN,2026-05-11,0.019178082191780823,P,235.0,-0.132371181733367,0.06,0.14,0.08,0.422857333984375,1.0,76,268.260009765625
AMZN,AMZN,2026-05-11,0.019178082191780823,P,237.5,-0.1217890724028301,0.05,0.17,0.11,0.4062559375,4.0,6,268.260009765625
AMZN,AMZN,2026-05-11,0.019178082191780823,P,240.0,-0.11131777253553461,0.06,0.2,0.11,0.387701435546875,57.0,269,268.260009765625
AMZN,AMZN,2026-05-11,0.019178082191780823,P,242.5,-0.10095498549998806,0.12,0.22,0.17,0.36377589355468753,35.0,59,268.260009765625
AMZN,AMZN,2026-05-11,0.019178082191780823,P,245.0,-0.09069848533279899,0.16,0.3,0.24,0.3540103662109374,59.0,184,268.260009765625
AMZN,AMZN,2026-05-11,0.019178082191780823,P,247.5,-0.0805461138687809,0.23,0.36,0.3,0.334967587890625,60.0,360,268.260009765625
AMZN,AMZN,2026-05-11,0.019178082191780823,P,250.0,-0.0704957780152795,0.35,0.46,0.41,0.3198310205078124,31.0,150,268.260009765625
AMZN,AMZN,2026-05-11,0.019178082191780823,P,252.5,-0.060545447162111445,0.48,0.61,0.5,0.30689169677734374,9.0,120,268.260009765625
AMZN,AMZN,2026-05-11,0.019178082191780823,P,255.0,-0.05069315071909985,0.67,0.86,0.8,0.2995675512695312,67.0,107,268.260009765625
AMZN,AMZN,2026-05-11,0.019178082191780823,P,257.5,-0.040936975773735076,0.99,1.21,0.97,0.29321995849609367,40.0,192,268.260009765625
AMZN,AMZN,2026-05-11,0.019178082191780823,P,260.0,-0.031275064861998214,1.32,1.69,1.55,0.28784891845703114,99.0,290,268.260009765625
AMZN,AMZN,2026-05-11,0.019178082191780823,P,262.5,-0.021705613845847536,1.89,2.39,2.09,0.2873606420898437,18.0,26,268.260009765625
AMZN,AMZN,2026-05-11,0.019178082191780823,P,265.0,-0.012226869891303683,2.83,3.2,2.87,0.282233740234375,37.0,40,268.260009765625
AMZN,AMZN,2026-05-11,0.019178082191780823,P,267.5,-0.0028371295414646855,3.75,4.25,3.95,0.2797923583984374,21.0,1,268.260009765625
AMZN,AMZN,2026-05-11,0.019178082191780823,P,270.0,0.006465263120848804,4.95,5.85,5.6,0.297736514892578,41.0,3,268.260009765625
AMZN,AMZN,2026-05-11,0.019178082191780823,P,272.5,0.015681918225772782,6.55,7.2,6.91,0.28882547119140617,90.0,1,268.260009765625
AMZN,AMZN,2026-05-11,0.019178082191780823,P,275.0,0.024814401789045277,8.25,8.95,8.05,0.292853751220703,2.0,10,268.260009765625
AMZN,AMZN,2026-05-11,0.019178082191780823,P,277.5,0.03386423730896316,10.05,11.85,9.75,0.36829244995117194,2.0,0,268.260009765625
AMZN,AMZN,2026-05-11,0.019178082191780823,P,280.0,0.042832907291723746,11.0,14.1,11.84,0.39588006469726567,2.0,0,268.260009765625
AMZN,AMZN,2026-05-11,0.019178082191780823,P,282.5,0.05172185470896974,13.55,16.6,13.48,0.43860424682617194,5.0,1,268.260009765625
AMZN,AMZN,2026-05-22,0.049315068493150684,C,120.0,-0.8044649530954799,146.75,150.6,149.08,1.517580537109375,1.0,10,268.260009765625
AMZN,AMZN,2026-05-22,0.049315068493150684,C,125.0,-0.7636429585752248,141.75,145.5,144.25,1.40625296875,1.0,4,268.260009765625
AMZN,AMZN,2026-05-22,0.049315068493150684,C,130.0,-0.7244222454219436,136.7,140.6,139.22,1.359378203125,2.0,1,268.260009765625
AMZN,AMZN,2026-05-22,0.049315068493150684,C,135.0,-0.6866819174390965,131.8,135.55,133.3,1.3125034374999998,7.0,4,268.260009765625
AMZN,AMZN,2026-05-22,0.049315068493150684,C,140.0,-0.6503142732682216,126.8,130.55,73.32,1.2480506347656248,,1,268.260009765625
AMZN,AMZN,2026-05-22,0.049315068493150684,C,145.0,-0.6152229534569515,121.85,125.55,107.77,1.203128984375,1.0,2,268.260009765625
AMZN,AMZN,2026-05-22,0.049315068493150684,C,155.0,-0.5485315789582794,111.85,115.55,109.4,1.083988955078125,2.0,2,268.260009765625
AMZN,AMZN,2026-05-22,0.049315068493150684,C,160.0,-0.516782880643699,106.9,110.7,109.39,1.0751999365234377,1.0,4,268.260009765625
AMZN,AMZN,2026-05-22,0.049315068493150684,C,165.0,-0.4860112219769454,101.8,105.6,85.75,0.973633076171875,5.0,6,268.260009765625
AMZN,AMZN,2026-05-22,0.049315068493150684,C,170.0,-0.4561582588272642,96.9,100.65,93.35,0.9531254687499999,2.0,3,268.260009765625
AMZN,AMZN,2026-05-22,0.049315068493150684,C,175.0,-0.42717072195401196,91.9,95.75,83.96,0.9179695703125,2.0,5,268.260009765625
AMZN,AMZN,2026-05-22,0.049315068493150684,C,180.0,-0.39899984498731556,86.95,90.65,89.14,0.8564467480468749,4.0,0,268.260009765625
AMZN,AMZN,2026-05-22,0.049315068493150684,C,185.0,-0.37160087079920107,81.95,85.65,74.0,0.804689453125,,3,268.260009765625
AMZN,AMZN,2026-05-22,0.049315068493150684,C,190.0,-0.3449326237170398,77.0,80.65,78.91,0.7622094091796876,1.0,20,268.260009765625
AMZN,AMZN,2026-05-22,0.049315068493150684,C,195.0,-0.3189571373137791,72.0,75.75,76.0,0.726565234375,1.0,7,268.260009765625
AMZN,AMZN,2026-05-22,0.049315068493150684,C,200.0,-0.29363932932948933,67.05,70.75,69.87,0.6835969140625001,2.0,242,268.260009765625
AMZN,AMZN,2026-05-22,0.049315068493150684,C,205.0,-0.26894671673911774,62.05,65.8,64.17,0.64062859375,8.0,56,268.260009765625
AMZN,AMZN,2026-05-22,0.049315068493150684,C,210.0,-0.2448491651600573,57.0,60.9,58.5,0.5971719970703125,4.0,34,268.260009765625
AMZN,AMZN,2026-05-22,0.049315068493150684,C,215.0,-0.22131866774986314,52.3,55.9,54.41,0.5769085278320312,3.0,293,268.260009765625
AMZN,AMZN,2026-05-22,0.049315068493150684,C,220.0,-0.19832914952516434,47.65,50.6,49.58,0.5314988256835937,622.0,922,268.260009765625
AMZN,AMZN,2026-05-22,0.049315068493150684,C,225.0,-0.17585629367310582,42.4,45.6,44.5,0.6418492846679689,41.0,479,268.260009765625
AMZN,AMZN,2026-05-22,0.049315068493150684,C,230.0,-0.15387738695433054,38.35,39.7,39.11,0.5012256909179689,239.0,581,268.260009765625
AMZN,AMZN,2026-05-22,0.049315068493150684,C,235.0,-0.132371181733367,33.8,35.15,34.75,0.48792015991210946,9.0,788,268.260009765625
AMZN,AMZN,2026-05-22,0.049315068493150684,C,240.0,-0.11131777253553461,28.45,29.8,29.2,0.4028380029296875,41.0,442,268.260009765625
AMZN,AMZN,2026-05-22,0.049315068493150684,C,245.0,-0.09069848533279899,24.1,25.3,25.27,0.38513798461914056,124.0,871,268.260009765625
AMZN,AMZN,2026-05-22,0.049315068493150684,C,250.0,-0.0704957780152795,20.15,20.75,20.35,0.3541324353027343,333.0,1396,268.260009765625
AMZN,AMZN,2026-05-22,0.049315068493150684,C,255.0,-0.05069315071909985,15.9,16.6,16.4,0.33570000244140624,51.0,952,268.260009765625
AMZN,AMZN,2026-05-22,0.049315068493150684,C,260.0,-0.031275064861998214,12.45,12.85,12.6,0.3218451605224609,295.0,1568,268.260009765625
AMZN,AMZN,2026-05-22,0.049315068493150684,C,265.0,-0.012226869891303683,9.15,9.55,9.0,0.31000445861816406,406.0,1441,268.260009765625
AMZN,AMZN,2026-05-22,0.049315068493150684,C,270.0,0.006465263120848804,6.55,6.75,6.7,0.2988961712646484,539.0,1957,268.260009765625
AMZN,AMZN,2026-05-22,0.049315068493150684,C,275.0,0.024814401789045277,4.45,4.65,4.35,0.29505099487304687,608.0,1257,268.260009765625
AMZN,AMZN,2026-05-22,0.049315068493150684,C,280.0,0.042832907291723746,2.87,3.05,2.92,0.29114478393554677,681.0,4539,268.260009765625
AMZN,AMZN,2026-05-22,0.049315068493150684,C,285.0,0.06053248439112461,1.85,1.99,1.92,0.2926096130371093,491.0,1246,268.260009765625
AMZN,AMZN,2026-05-22,0.049315068493150684,C,290.0,0.07792422710299374,1.18,1.3,1.31,0.2971261694335937,477.0,1951,268.260009765625
AMZN,AMZN,2026-05-22,0.049315068493150684,C,295.0,0.09501866046229379,0.74,0.85,0.8,0.30298548583984375,186.0,298,268.260009765625
AMZN,AMZN,2026-05-22,0.049315068493150684,C,300.0,0.11182577877867517,0.51,0.55,0.51,0.30884480224609373,2110.0,1974,268.260009765625
AMZN,AMZN,2026-05-22,0.049315068493150684,C,305.0,0.1283550807298857,0.32,0.41,0.41,0.3237372314453124,97.0,197,268.260009765625
AMZN,AMZN,2026-05-22,0.049315068493150684,C,310.0,0.14461560160166592,0.21,0.31,0.24,0.33814138427734375,28.0,351,268.260009765625
AMZN,AMZN,2026-05-22,0.049315068493150684,C,315.0,0.16061594294810722,0.12,0.22,0.2,0.34766277343749996,4.0,389,268.260009765625
AMZN,AMZN,2026-05-22,0.049315068493150684,C,320.0,0.17636429991624633,0.09,0.17,0.15,0.36133451171875,23.0,256,268.260009765625
AMZN,AMZN,2026-05-22,0.049315068493150684,C,325.0,0.19186848645221152,0.04,0.12,0.11,0.36914693359375,257.0,30,268.260009765625
AMZN,AMZN,2026-05-22,0.049315068493150684,C,330.0,0.2071359585829999,0.06,0.08,0.05,0.37402969726562496,227.0,217,268.260009765625
AMZN,AMZN,2026-05-22,0.049315068493150684,C,335.0,0.22217383594754056,0.01,0.11,0.07,0.414068359375,20.0,29,268.260009765625
AMZN,AMZN,2026-05-22,0.049315068493150684,C,340.0,0.23698892173268113,0.01,0.08,0.07,0.41992767578125,200.0,231,268.260009765625
AMZN,AMZN,2026-05-22,0.049315068493150684,C,345.0,0.25158772115383377,0.01,0.08,0.15,0.442388388671875,13.0,15,268.260009765625
AMZN,AMZN,2026-05-22,0.049315068493150684,C,350.0,0.26597645860593333,0.01,0.05,0.06,0.43945873046875,1.0,15,268.260009765625
AMZN,AMZN,2026-05-22,0.049315068493150684,C,355.0,0.2801610935978899,0.0,0.14,0.15,0.5205126074218749,,26,268.260009765625
AMZN,AMZN,2026-05-22,0.049315068493150684,C,360.0,0.29414733557262973,0.0,0.18,0.09,0.5136767382812499,1.0,1,268.260009765625
AMZN,AMZN,2026-05-22,0.049315068493150684,C,365.0,0.3079406577049655,0.0,0.2,0.13,0.5410202148437502,,5,268.260009765625
AMZN,AMZN,2026-05-22,0.049315068493150684,C,370.0,0.3215463097607442,0.0,0.01,0.01,0.445318046875,100.0,7,268.260009765625
AMZN,AMZN,2026-05-22,0.049315068493150684,C,375.0,0.3349693300928849,0.0,0.01,0.14,0.46094289062500005,5.0,7,268.260009765625
AMZN,AMZN,2026-05-22,0.049315068493150684,C,380.0,0.3482145568429055,0.0,0.01,0.07,0.48438015625,1.0,22,268.260009765625
AMZN,AMZN,2026-05-22,0.049315068493150684,P,120.0,-0.8044649530954799,0.0,0.41,0.25,1.4765651171875,1.0,1,268.260009765625
AMZN,AMZN,2026-05-22,0.049315068493150684,P,130.0,-0.7244222454219436,0.0,0.17,0.02,1.2070352148437498,1.0,6,268.260009765625
AMZN,AMZN,2026-05-22,0.049315068493150684,P,135.0,-0.6866819174390965,0.0,0.41,0.01,1.2753942480468747,2.0,7,268.260009765625
AMZN,AMZN,2026-05-22,0.049315068493150684,P,140.0,-0.6503142732682216,0.0,0.4,0.05,1.2089883300781248,4.0,10,268.260009765625
AMZN,AMZN,2026-05-22,0.049315068493150684,P,145.0,-0.6152229534569515,0.0,0.38,0.04,1.142582412109375,11.0,4,268.260009765625
AMZN,AMZN,2026-05-22,0.049315068493150684,P,150.0,-0.5813214017812701,0.0,0.04,0.02,0.851563984375,3.0,194,268.260009765625
AMZN,AMZN,2026-05-22,0.049315068493150684,P,155.0,-0.5485315789582794,0.0,0.35,0.05,1.017583037109375,2.0,417,268.260009765625
AMZN,AMZN,2026-05-22,0.049315068493150684,P,160.0,-0.516782880643699,0.0,0.02,0.02,0.7187528125,1.0,46,268.260009765625
AMZN,AMZN,2026-05-22,0.049315068493150684,P,165.0,-0.4860112219769454,0.0,0.3,0.07,0.8945323046874999,6.0,46,268.260009765625
AMZN,AMZN,2026-05-22,0.049315068493150684,P,170.0,-0.4561582588272642,0.0,0.11,0.05,0.7500025,3.0,42,268.260009765625
AMZN,AMZN,2026-05-22,0.049315068493150684,P,175.0,-0.42717072195401196,0.0,0.23,0.12,0.7695335546875001,1.0,136,268.260009765625
AMZN,AMZN,2026-05-22,0.049315068493150684,P,180.0,-0.39899984498731556,0.02,0.18,0.01,0.711916943359375,1.0,126,268.260009765625
AMZN,AMZN,2026-05-22,0.049315068493150684,P,185.0,-0.37160087079920107,0.0,0.08,0.05,0.6015664843750002,53.0,178,268.260009765625
AMZN,AMZN,2026-05-22,0.049315068493150684,P,190.0,-0.3449326237170398,0.03,0.08,0.05,0.5820354296875,65.0,330,268.260009765625
AMZN,AMZN,2026-05-22,0.049315068493150684,P,195.0,-0.3189571373137791,0.03,0.09,0.07,0.5468795312500001,14.0,361,268.260009765625
AMZN,AMZN,2026-05-22,0.049315068493150684,P,200.0,-0.29363932932948933,0.06,0.09,0.08,0.5214891601562499,36.0,352,268.260009765625
AMZN,AMZN,2026-05-22,0.049315068493150684,P,205.0,-0.26894671673911774,0.08,0.1,0.09,0.500005,62.0,288,268.260009765625
AMZN,AMZN,2026-05-22,0.049315068493150684,P,210.0,-0.2448491651600573,0.11,0.13,0.13,0.476567734375,89.0,488,268.260009765625
AMZN,AMZN,2026-05-22,0.049315068493150684,P,215.0,-0.22131866774986314,0.14,0.17,0.16,0.454107021484375,53.0,441,268.260009765625
AMZN,AMZN,2026-05-22,0.049315068493150684,P,220.0,-0.19832914952516434,0.2,0.24,0.21,0.43555251953125,179.0,925,268.260009765625
AMZN,AMZN,2026-05-22,0.049315068493150684,P,225.0,-0.17585629367310582,0.24,0.29,0.29,0.4062559375,745.0,1111,268.260009765625
AMZN,AMZN,2026-05-22,0.049315068493150684,P,230.0,-0.15387738695433054,0.37,0.42,0.38,0.389654541015625,609.0,708,268.260009765625
AMZN,AMZN,2026-05-22,0.049315068493150684,P,235.0,-0.132371181733367,0.49,0.56,0.51,0.366217275390625,376.0,596,268.260009765625
AMZN,AMZN,2026-05-22,0.049315068493150684,P,240.0,-0.11131777253553461,0.72,0.76,0.76,0.34326828613281246,540.0,707,268.260009765625
AMZN,AMZN,2026-05-22,0.049315068493150684,P,245.0,-0.09069848533279899,1.02,1.1,1.07,0.32556826782226556,223.0,874,268.260009765625
AMZN,AMZN,2026-05-22,0.049315068493150684,P,250.0,-0.0704957780152795,1.55,1.67,1.71,0.31287308227539057,311.0,1280,268.260009765625
AMZN,AMZN,2026-05-22,0.049315068493150684,P,255.0,-0.05069315071909985,2.35,2.55,2.5,0.3031075549316406,418.0,592,268.260009765625
AMZN,AMZN,2026-05-22,0.049315068493150684,P,260.0,-0.031275064861998214,3.55,3.85,3.55,0.2960275476074219,184.0,386,268.260009765625
AMZN,AMZN,2026-05-22,0.049315068493150684,P,265.0,-0.012226869891303683,5.25,5.6,5.21,0.28839822937011705,59.0,80,268.260009765625
AMZN,AMZN,2026-05-22,0.049315068493150684,P,270.0,0.006465263120848804,7.6,7.9,8.0,0.28174546386718746,90.0,89,268.260009765625
AMZN,AMZN,2026-05-22,0.049315068493150684,P,275.0,0.024814401789045277,10.4,11.1,10.53,0.2896189202880859,47.0,34,268.260009765625
AMZN,AMZN,2026-05-22,0.049315068493150684,P,280.0,0.042832907291723746,13.85,14.8,14.34,0.29920134399414056,1.0,3,268.260009765625
AMZN,AMZN,2026-05-22,0.049315068493150684,P,290.0,0.07792422710299374,21.55,23.7,19.45,0.35034829345703117,1.0,32,268.260009765625
AMZN,AMZN,2026-05-22,0.049315068493150684,P,300.0,0.11182577877867517,30.5,33.65,31.22,0.4390925231933594,2.0,3,268.260009765625
AMZN,AMZN,2026-05-22,0.049315068493150684,P,305.0,0.1283550807298857,35.25,38.6,53.05,0.4781546325683594,,10,268.260009765625
AMZN,AMZN,2026-05-22,0.049315068493150684,P,310.0,0.14461560160166592,39.8,43.65,51.8,0.5225877819824218,1.0,0,268.260009765625
AMZN,AMZN,2026-06-18,0.1232876712328767,C,75.0,-1.2744685823412154,191.9,195.65,194.84,1.5947285888671874,23.0,2348,268.260009765625
AMZN,AMZN,2026-06-18,0.1232876712328767,C,80.0,-1.2099300612036443,186.95,190.65,175.0,1.5312523437499999,1.0,129,268.260009765625
AMZN,AMZN,2026-06-18,0.1232876712328767,C,85.0,-1.1493054393872095,181.95,185.7,177.9,1.4716823291015624,2.0,96,268.260009765625
AMZN,AMZN,2026-06-18,0.1232876712328767,C,90.0,-1.092147025547261,177.0,180.85,171.95,1.4482449462890625,2.0,43,268.260009765625
AMZN,AMZN,2026-06-18,0.1232876712328767,C,95.0,-1.0380798042769852,172.0,175.7,154.65,1.3486360693359374,8.0,182,268.260009765625
AMZN,AMZN,2026-06-18,0.1232876712328767,C,100.0,-0.9867865098894346,167.65,170.05,168.61,1.2861363818359375,720.0,3073,268.260009765625
AMZN,AMZN,2026-06-18,0.1232876712328767,C,105.0,-0.9379963457200027,162.0,165.75,143.22,1.2368202221679687,28.0,442,268.260009765625
AMZN,AMZN,2026-06-18,0.1232876712328767,C,110.0,-0.8914763300851096,157.0,160.85,149.51,1.1982461962890625,2.0,304,268.260009765625
AMZN,AMZN,2026-06-18,0.1232876712328767,C,115.0,-0.8470245675142758,152.15,155.95,144.07,1.183109553222656,3.0,315,268.260009765625
AMZN,AMZN,2026-06-18,0.1232876712328767,C,120.0,-0.8044649530954799,147.75,150.3,140.21,1.1215864233398438,8.0,4511,268.260009765625
AMZN,AMZN,2026-06-18,0.1232876712328767,C,125.0,-0.7636429585752248,142.75,145.0,146.05,1.0234423828125,2.0,4290,268.260009765625
AMZN,AMZN,2026-06-18,0.1232876712328767,C,130.0,-0.7244222454219436,137.15,140.9,128.04,1.0200244311523439,10.0,196,268.260009765625
AMZN,AMZN,2026-06-18,0.1232876712328767,C,135.0,-0.6866819174390965,132.2,135.95,123.05,0.9848634326171876,42.0,140,268.260009765625
AMZN,AMZN,2026-06-18,0.1232876712328767,C,140.0,-0.6503142732682216,127.8,130.45,133.24,0.9497075341796875,4.0,3472,268.260009765625
AMZN,AMZN,2026-06-18,0.1232876712328767,C,145.0,-0.6152229534569515,122.25,126.0,118.96,0.9038095556640625,28.0,488,268.260009765625
AMZN,AMZN,2026-06-18,0.1232876712328767,C,150.0,-0.5813214017812701,117.9,120.6,119.35,0.88476677734375,4.0,2511,268.260009765625
AMZN,AMZN,2026-06-18,0.1232876712328767,C,155.0,-0.5485315789582794,112.9,115.55,102.34,0.8361832788085937,1.0,2723,268.260009765625
AMZN,AMZN,2026-06-18,0.1232876712328767,C,160.0,-0.516782880643699,108.05,110.45,112.55,0.7983418603515625,1.0,2792,268.260009765625
AMZN,AMZN,2026-06-18,0.1232876712328767,C,165.0,-0.4860112219769454,103.0,105.6,95.36,0.7651390673828126,1.0,2014,268.260009765625
AMZN,AMZN,2026-06-18,0.1232876712328767,C,170.0,-0.4561582588272642,98.1,100.65,100.29,0.7358424853515625,61.0,2787,268.260009765625
AMZN,AMZN,2026-06-18,0.1232876712328767,C,175.0,-0.42717072195401196,93.15,95.7,94.6,0.7028838305664062,6.0,4035,268.260009765625
AMZN,AMZN,2026-06-18,0.1232876712328767,C,180.0,-0.39899984498731556,88.25,90.8,88.95,0.6762727685546877,12.0,2538,268.260009765625
AMZN,AMZN,2026-06-18,0.1232876712328767,C,185.0,-0.37160087079920107,82.8,86.45,89.2,0.6486851538085938,4.0,6976,268.260009765625
AMZN,AMZN,2026-06-18,0.1232876712328767,C,190.0,-0.3449326237170398,78.7,80.2,79.14,0.5903361279296876,13.0,1919,268.260009765625
AMZN,AMZN,2026-06-18,0.1232876712328767,C,195.0,-0.3189571373137791,73.7,75.6,74.6,0.5744671459960937,40.0,2841,268.260009765625
AMZN,AMZN,2026-06-18,0.1232876712328767,C,200.0,-0.29363932932948933,68.95,70.3,69.55,0.5346726220703125,124.0,9559,268.260009765625
AMZN,AMZN,2026-06-18,0.1232876712328767,C,205.0,-0.26894671673911774,63.9,65.2,64.64,0.5465133239746094,38.0,2000,268.260009765625
AMZN,AMZN,2026-06-18,0.1232876712328767,C,210.0,-0.2448491651600573,59.55,60.4,60.06,0.5222215747070311,79.0,5527,268.260009765625
AMZN,AMZN,2026-06-18,0.1232876712328767,C,215.0,-0.22131866774986314,54.7,55.85,56.36,0.5118457019042968,39.0,5536,268.260009765625
AMZN,AMZN,2026-06-18,0.1232876712328767,C,220.0,-0.19832914952516434,50.3,50.8,50.05,0.4691215197753906,538.0,27717,268.260009765625
AMZN,AMZN,2026-06-18,0.1232876712328767,C,225.0,-0.17585629367310582,45.45,46.05,45.42,0.44324287231445314,169.0,21202,268.260009765625
AMZN,AMZN,2026-06-18,0.1232876712328767,C,230.0,-0.15387738695433054,40.95,41.35,41.15,0.41797457031249996,623.0,23556,268.260009765625
AMZN,AMZN,2026-06-18,0.1232876712328767,C,235.0,-0.132371181733367,36.25,36.85,36.15,0.39929799926757814,188.0,11584,268.260009765625
AMZN,AMZN,2026-06-18,0.1232876712328767,C,240.0,-0.11131777253553461,31.95,32.4,31.69,0.3789124609375,1323.0,15466,268.260009765625
AMZN,AMZN,2026-06-18,0.1232876712328767,C,245.0,-0.09069848533279899,27.8,28.15,27.95,0.36188382263183594,328.0,10153,268.260009765625
AMZN,AMZN,2026-06-18,0.1232876712328767,C,250.0,-0.0704957780152795,23.8,24.15,23.6,0.3479679461669921,1054.0,23249,268.260009765625
AMZN,AMZN,2026-06-18,0.1232876712328767,C,255.0,-0.05069315071909985,20.1,20.45,20.25,0.3371037969970704,557.0,12616,268.260009765625
AMZN,AMZN,2026-06-18,0.1232876712328767,C,260.0,-0.031275064861998214,16.7,17.05,16.9,0.3276434423828125,2393.0,15261,268.260009765625
AMZN,AMZN,2026-06-18,0.1232876712328767,C,265.0,-0.012226869891303683,13.7,13.95,13.85,0.3187018814086914,2373.0,21362,268.260009765625
AMZN,AMZN,2026-06-18,0.1232876712328767,C,270.0,0.006465263120848804,11.05,11.25,11.1,0.3120796331787109,4363.0,17236,268.260009765625
AMZN,AMZN,2026-06-18,0.1232876712328767,C,275.0,0.024814401789045277,8.75,8.9,8.84,0.30609824768066407,7426.0,25873,268.260009765625
AMZN,AMZN,2026-06-18,0.1232876712328767,C,280.0,0.042832907291723746,6.85,7.0,6.85,0.3034127276611328,5140.0,20492,268.260009765625
AMZN,AMZN,2026-06-18,0.1232876712328767,C,285.0,0.06053248439112461,5.25,5.4,5.15,0.30054410400390624,1691.0,11647,268.260009765625
AMZN,AMZN,2026-06-18,0.1232876712328767,C,290.0,0.07792422710299374,4.0,4.1,4.1,0.2981637567138671,2098.0,10766,268.260009765625
AMZN,AMZN,2026-06-18,0.1232876712328767,C,295.0,0.09501866046229379,3.0,3.1,3.0,0.29743134216308587,1126.0,9909,268.260009765625
AMZN,AMZN,2026-06-18,0.1232876712328767,C,300.0,0.11182577877867517,2.25,2.3,2.28,0.29633272033691405,11503.0,34809,268.260009765625
AMZN,AMZN,2026-06-18,0.1232876712328767,C,305.0,0.1283550807298857,1.67,1.74,1.73,0.29834686035156244,777.0,8670,268.260009765625
AMZN,AMZN,2026-06-18,0.1232876712328767,C,310.0,0.14461560160166592,1.25,1.28,1.28,0.2985909985351562,8801.0,31312,268.260009765625
AMZN,AMZN,2026-06-18,0.1232876712328767,C,315.0,0.16061594294810722,0.92,0.96,0.92,0.30103238037109376,768.0,18817,268.260009765625
AMZN,AMZN,2026-06-18,0.1232876712328767,C,320.0,0.17636429991624633,0.68,0.72,0.68,0.30371790039062496,1088.0,3491,268.260009765625
AMZN,AMZN,2026-06-18,0.1232876712328767,C,325.0,0.19186848645221152,0.5,0.54,0.52,0.30664755859375,211.0,2732,268.260009765625
AMZN,AMZN,2026-06-18,0.1232876712328767,C,330.0,0.2071359585829999,0.37,0.41,0.44,0.3100654931640625,360.0,3848,268.260009765625
AMZN,AMZN,2026-06-18,0.1232876712328767,C,335.0,0.22217383594754056,0.27,0.31,0.33,0.313483427734375,802.0,6548,268.260009765625
AMZN,AMZN,2026-06-18,0.1232876712328767,C,340.0,0.23698892173268113,0.2,0.24,0.23,0.3178779150390625,2366.0,1668,268.260009765625
AMZN,AMZN,2026-06-18,0.1232876712328767,C,345.0,0.25158772115383377,0.14,0.18,0.19,0.32080757324218745,67.0,1689,268.260009765625
AMZN,AMZN,2026-06-18,0.1232876712328767,C,350.0,0.26597645860593333,0.1,0.14,0.14,0.32471378417968744,186.0,13448,268.260009765625
AMZN,AMZN,2026-06-18,0.1232876712328767,C,360.0,0.29414733557262973,0.06,0.08,0.08,0.331061376953125,125.0,5735,268.260009765625
AMZN,AMZN,2026-06-18,0.1232876712328767,C,370.0,0.3215463097607442,0.05,0.06,0.05,0.34570966796874997,437.0,5471,268.260009765625
AMZN,AMZN,2026-06-18,0.1232876712328767,C,375.0,0.3349693300928849,0.02,0.09,0.04,0.37500625,2.0,494,268.260009765625
AMZN,AMZN,2026-06-18,0.1232876712328767,C,380.0,0.3482145568429055,0.02,0.04,0.05,0.35547519531249994,11.0,734,268.260009765625
AMZN,AMZN,2026-06-18,0.1232876712328767,P,75.0,-1.2744685823412154,0.0,0.02,0.02,1.109379453125,2.0,1599,268.260009765625
AMZN,AMZN,2026-06-18,0.1232876712328767,P,80.0,-1.2099300612036443,0.0,0.05,0.03,1.1328168359375002,1.0,994,268.260009765625
AMZN,AMZN,2026-06-18,0.1232876712328767,P,85.0,-1.1493054393872095,0.0,0.53,0.03,1.3906280468749999,1.0,352,268.260009765625
AMZN,AMZN,2026-06-18,0.1232876712328767,P,90.0,-1.092147025547261,0.0,0.02,0.01,0.9531254687499999,10.0,524,268.260009765625
AMZN,AMZN,2026-06-18,0.1232876712328767,P,95.0,-1.0380798042769852,0.0,0.05,0.01,0.9804689453125001,2.0,392,268.260009765625
AMZN,AMZN,2026-06-18,0.1232876712328767,P,100.0,-0.9867865098894346,0.0,0.02,0.03,0.85937640625,2.0,4988,268.260009765625
AMZN,AMZN,2026-06-18,0.1232876712328767,P,105.0,-0.9379963457200027,0.0,0.08,0.05,0.929688203125,1.0,2155,268.260009765625
AMZN,AMZN,2026-06-18,0.1232876712328767,P,110.0,-0.8914763300851096,0.0,0.08,0.06,0.8867198828124999,3.0,4094,268.260009765625
AMZN,AMZN,2026-06-18,0.1232876712328767,P,115.0,-0.8470245675142758,0.0,0.1,0.03,0.8632826171875,1.0,1108,268.260009765625
AMZN,AMZN,2026-06-18,0.1232876712328767,P,120.0,-0.8044649530954799,0.01,0.1,0.03,0.8281267187499999,3.0,3496,268.260009765625
AMZN,AMZN,2026-06-18,0.1232876712328767,P,125.0,-0.7636429585752248,0.01,0.22,0.05,0.8554701953125,1.0,4940,268.260009765625
AMZN,AMZN,2026-06-18,0.1232876712328767,P,130.0,-0.7244222454219436,0.01,0.17,0.05,0.7929708203125,2.0,5338,268.260009765625
AMZN,AMZN,2026-06-18,0.1232876712328767,P,135.0,-0.6866819174390965,0.02,0.04,0.03,0.6718782812500002,7.0,3528,268.260009765625
AMZN,AMZN,2026-06-18,0.1232876712328767,P,140.0,-0.6503142732682216,0.02,0.12,0.05,0.6972686523437501,28.0,2655,268.260009765625
AMZN,AMZN,2026-06-18,0.1232876712328767,P,145.0,-0.6152229534569515,0.03,0.07,0.04,0.63867548828125,23.0,4085,268.260009765625
AMZN,AMZN,2026-06-18,0.1232876712328767,P,150.0,-0.5813214017812701,0.05,0.07,0.06,0.6171913281250001,14.0,7553,268.260009765625
AMZN,AMZN,2026-06-18,0.1232876712328767,P,155.0,-0.5485315789582794,0.06,0.08,0.07,0.59570716796875,154.0,4947,268.260009765625
AMZN,AMZN,2026-06-18,0.1232876712328767,P,160.0,-0.516782880643699,0.07,0.09,0.08,0.5722699023437501,33.0,10273,268.260009765625
AMZN,AMZN,2026-06-18,0.1232876712328767,P,165.0,-0.4860112219769454,0.09,0.12,0.11,0.5585981640625001,87.0,9528,268.260009765625
AMZN,AMZN,2026-06-18,0.1232876712328767,P,170.0,-0.4561582588272642,0.11,0.15,0.12,0.5410202148437502,114.0,17032,268.260009765625
AMZN,AMZN,2026-06-18,0.1232876712328767,P,175.0,-0.42717072195401196,0.15,0.18,0.14,0.526371923828125,44.0,9561,268.260009765625
AMZN,AMZN,2026-06-18,0.1232876712328767,P,180.0,-0.39899984498731556,0.18,0.21,0.19,0.5063525927734375,41.0,12852,268.260009765625
AMZN,AMZN,2026-06-18,0.1232876712328767,P,185.0,-0.37160087079920107,0.24,0.26,0.25,0.49561051269531253,83.0,10156,268.260009765625
AMZN,AMZN,2026-06-18,0.1232876712328767,P,190.0,-0.3449326237170398,0.29,0.31,0.31,0.476567734375,325.0,14332,268.260009765625
AMZN,AMZN,2026-06-18,0.1232876712328767,P,195.0,-0.3189571373137791,0.34,0.38,0.36,0.4602104760742188,94.0,12666,268.260009765625
AMZN,AMZN,2026-06-18,0.1232876712328767,P,200.0,-0.29363932932948933,0.42,0.44,0.41,0.43945873046875,12260.0,35330,268.260009765625
AMZN,AMZN,2026-06-18,0.1232876712328767,P,205.0,-0.26894671673911774,0.5,0.55,0.51,0.42456630126953127,204.0,12072,268.260009765625
AMZN,AMZN,2026-06-18,0.1232876712328767,P,210.0,-0.2448491651600573,0.62,0.66,0.64,0.40650007568359375,198.0,13171,268.260009765625
AMZN,AMZN,2026-06-18,0.1232876712328767,P,215.0,-0.22131866774986314,0.77,0.8,0.79,0.38941040283203127,207.0,14648,268.260009765625
AMZN,AMZN,2026-06-18,0.1232876712328767,P,220.0,-0.19832914952516434,0.95,0.99,0.95,0.3737855590820312,2267.0,23385,268.260009765625
AMZN,AMZN,2026-06-18,0.1232876712328767,P,225.0,-0.17585629367310582,1.19,1.24,1.22,0.3591372680664062,483.0,9310,268.260009765625
AMZN,AMZN,2026-06-18,0.1232876712328767,P,230.0,-0.15387738695433054,1.51,1.57,1.56,0.3455875988769531,2110.0,16382,268.260009765625
AMZN,AMZN,2026-06-18,0.1232876712328767,P,235.0,-0.132371181733367,1.93,2.01,1.97,0.3332586206054688,1438.0,7981,268.260009765625
AMZN,AMZN,2026-06-18,0.1232876712328767,P,240.0,-0.11131777253553461,2.52,2.61,2.53,0.3228827478027343,1619.0,11521,268.260009765625
AMZN,AMZN,2026-06-18,0.1232876712328767,P,245.0,-0.09069848533279899,3.25,3.35,3.38,0.3118354949951171,670.0,8128,268.260009765625
AMZN,AMZN,2026-06-18,0.1232876712328767,P,250.0,-0.0704957780152795,4.25,4.35,4.3,0.30322962402343745,1458.0,11186,268.260009765625
AMZN,AMZN,2026-06-18,0.1232876712328767,P,255.0,-0.05069315071909985,5.5,5.65,5.62,0.29633272033691405,2860.0,2182,268.260009765625
AMZN,AMZN,2026-06-18,0.1232876712328767,P,260.0,-0.031275064861998214,7.05,7.25,7.05,0.28967995483398434,1844.0,5625,268.260009765625
AMZN,AMZN,2026-06-18,0.1232876712328767,P,265.0,-0.012226869891303683,9.0,9.2,9.15,0.28363753479003895,1318.0,1805,268.260009765625
AMZN,AMZN,2026-06-18,0.1232876712328767,P,270.0,0.006465263120848804,11.3,11.55,11.65,0.27887684020996095,1758.0,1683,268.260009765625
AMZN,AMZN,2026-06-18,0.1232876712328767,P,275.0,0.024814401789045277,14.0,14.25,14.4,0.27368890380859373,287.0,3049,268.260009765625
AMZN,AMZN,2026-06-18,0.1232876712328767,P,280.0,0.042832907291723746,16.85,17.95,17.41,0.28613995117187496,55.0,770,268.260009765625
AMZN,AMZN,2026-06-18,0.1232876712328767,P,285.0,0.06053248439112461,20.45,21.35,20.85,0.28186753295898437,3.0,67,268.260009765625
AMZN,AMZN,2026-06-18,0.1232876712328767,P,290.0,0.07792422710299374,23.65,25.3,24.63,0.28577374389648436,255.0,29,268.260009765625
AMZN,AMZN,2026-06-18,0.1232876712328767,P,295.0,0.09501866046229379,27.55,29.6,28.35,0.2946237530517578,20.0,89,268.260009765625
AMZN,AMZN,2026-06-18,0.1232876712328767,P,300.0,0.11182577877867517,32.4,33.15,32.64,0.263251996459961,203.0,216,268.260009765625
AMZN,AMZN,2026-06-18,0.1232876712328767,P,305.0,0.1283550807298857,36.2,38.6,46.06,0.31201859863281245,12.0,14,268.260009765625
AMZN,AMZN,2026-06-18,0.1232876712328767,P,310.0,0.14461560160166592,41.5,43.2,39.63,0.3181220532226562,1.0,17,268.260009765625
AMZN,AMZN,2026-06-18,0.1232876712328767,P,315.0,0.16061594294810722,45.85,48.2,54.71,0.34278000976562495,1.0,9,268.260009765625
AMZN,AMZN,2026-06-18,0.1232876712328767,P,320.0,0.17636429991624633,50.25,53.3,68.93,0.37244279907226563,233.0,233,268.260009765625
AMZN,AMZN,2026-06-18,0.1232876712328767,P,325.0,0.19186848645221152,83.95,85.2,88.0,1.2238197988891604,4.0,0,268.260009765625
AMZN,AMZN,2026-06-18,0.1232876712328767,P,335.0,0.22217383594754056,124.35,127.9,96.56,2.1163987519836427,5.0,0,268.260009765625
AMZN,AMZN,2026-06-18,0.1232876712328767,P,345.0,0.25158772115383377,74.8,78.45,81.05,0.49207050903320315,19.0,0,268.260009765625
AMZN,AMZN,2026-06-18,0.1232876712328767,P,350.0,0.26597645860593333,79.85,83.45,82.65,0.512578116455078,19.0,0,268.260009765625
AMZN,AMZN,2026-06-18,0.1232876712328767,P,360.0,0.29414733557262973,149.3,152.9,124.2,2.26938298866272,1.0,0,268.260009765625
AMZN,AMZN,2026-06-18,0.1232876712328767,P,370.0,0.3215463097607442,159.4,163.0,130.65,2.3283122846984856,1.0,0,268.260009765625
AMZN,AMZN,2026-09-18,0.37534246575342467,C,105.0,-0.9379963457200027,163.4,167.15,157.1,0.9157723266601563,6.0,60,268.260009765625
AMZN,AMZN,2026-09-18,0.37534246575342467,C,110.0,-0.8914763300851096,158.35,162.2,149.97,0.8747571118164061,1.0,29,268.260009765625
AMZN,AMZN,2026-09-18,0.37534246575342467,C,115.0,-0.8470245675142758,153.6,157.3,99.19,0.8513198461914062,2.0,18,268.260009765625
AMZN,AMZN,2026-09-18,0.37534246575342467,C,120.0,-0.8044649530954799,148.7,152.45,140.17,0.8237322314453124,1.0,186,268.260009765625
AMZN,AMZN,2026-09-18,0.37534246575342467,C,125.0,-0.7636429585752248,143.8,147.45,139.1,0.7907735766601562,1.0,141,268.260009765625
AMZN,AMZN,2026-09-18,0.37534246575342467,C,130.0,-0.7244222454219436,138.8,142.65,141.78,0.7625756164550781,1.0,43,268.260009765625
AMZN,AMZN,2026-09-18,0.37534246575342467,C,135.0,-0.6866819174390965,134.05,137.8,125.55,0.7419459399414061,1.0,71,268.260009765625
AMZN,AMZN,2026-09-18,0.37534246575342467,C,140.0,-0.6503142732682216,129.2,132.95,128.23,0.717776259765625,1.0,66,268.260009765625
AMZN,AMZN,2026-09-18,0.37534246575342467,C,145.0,-0.6152229534569515,124.25,128.1,106.9,0.6909210595703126,2.0,68,268.260009765625
AMZN,AMZN,2026-09-18,0.37534246575342467,C,150.0,-0.5813214017812701,119.55,123.1,121.75,0.6673617248535157,6.0,346,268.260009765625
AMZN,AMZN,2026-09-18,0.37534246575342467,C,155.0,-0.5485315789582794,114.75,118.1,98.07,0.6412389392089843,2.0,145,268.260009765625
AMZN,AMZN,2026-09-18,0.37534246575342467,C,160.0,-0.516782880643699,110.45,113.3,104.99,0.632938240966797,1.0,357,268.260009765625
AMZN,AMZN,2026-09-18,0.37534246575342467,C,165.0,-0.4860112219769454,105.2,108.55,93.21,0.6022378643798829,2.0,487,268.260009765625
AMZN,AMZN,2026-09-18,0.37534246575342467,C,170.0,-0.4561582588272642,100.5,103.75,102.57,0.5833781896972656,3.0,285,268.260009765625
AMZN,AMZN,2026-09-18,0.37534246575342467,C,175.0,-0.42717072195401196,96.15,98.85,98.42,0.5692181750488281,21.0,290,268.260009765625
AMZN,AMZN,2026-09-18,0.37534246575342467,C,180.0,-0.39899984498731556,90.95,94.4,94.0,0.5465133239746094,2.0,542,268.260009765625
AMZN,AMZN,2026-09-18,0.37534246575342467,C,185.0,-0.37160087079920107,86.3,88.6,88.5,0.5092822509765625,2.0,230,268.260009765625
AMZN,AMZN,2026-09-18,0.37534246575342467,C,190.0,-0.3449326237170398,81.6,84.5,84.17,0.5021412091064454,7.0,1667,268.260009765625
AMZN,AMZN,2026-09-18,0.37534246575342467,C,195.0,-0.3189571373137791,77.9,79.8,80.27,0.5275926147460939,54.0,336,268.260009765625
AMZN,AMZN,2026-09-18,0.37534246575342467,C,200.0,-0.29363932932948933,74.1,74.7,74.2,0.49493913269042966,25.0,3225,268.260009765625
AMZN,AMZN,2026-09-18,0.37534246575342467,C,205.0,-0.26894671673911774,69.5,70.35,70.65,0.4830984307861329,2.0,1801,268.260009765625
AMZN,AMZN,2026-09-18,0.37534246575342467,C,210.0,-0.2448491651600573,65.15,65.95,65.4,0.46869427795410157,7.0,3626,268.260009765625
AMZN,AMZN,2026-09-18,0.37534246575342467,C,215.0,-0.22131866774986314,61.0,61.6,61.55,0.45441219421386714,54.0,2135,268.260009765625
AMZN,AMZN,2026-09-18,0.37534246575342467,C,220.0,-0.19832914952516434,56.85,57.35,57.9,0.44116769775390624,21.0,3839,268.260009765625
AMZN,AMZN,2026-09-18,0.37534246575342467,C,225.0,-0.17585629367310582,52.8,53.25,53.25,0.4297847549438477,14.0,4327,268.260009765625
AMZN,AMZN,2026-09-18,0.37534246575342467,C,230.0,-0.15387738695433054,48.9,49.3,48.82,0.4198056066894531,109.0,5165,268.260009765625
AMZN,AMZN,2026-09-18,0.37534246575342467,C,235.0,-0.132371181733367,45.05,45.5,46.03,0.41089456298828125,49.0,4102,268.260009765625
AMZN,AMZN,2026-09-18,0.37534246575342467,C,240.0,-0.11131777253553461,41.4,41.8,41.71,0.40192248474121095,43.0,6347,268.260009765625
AMZN,AMZN,2026-09-18,0.37534246575342467,C,245.0,-0.09069848533279899,37.85,38.35,37.82,0.3952697192382813,28.0,2035,268.260009765625
AMZN,AMZN,2026-09-18,0.37534246575342467,C,250.0,-0.0704957780152795,34.55,34.85,34.38,0.38565677825927724,375.0,7340,268.260009765625
AMZN,AMZN,2026-09-18,0.37534246575342467,C,255.0,-0.05069315071909985,31.4,31.7,31.55,0.37964487548828124,119.0,7661,268.260009765625
AMZN,AMZN,2026-09-18,0.37534246575342467,C,260.0,-0.031275064861998214,28.45,28.8,28.55,0.3752809054565429,232.0,10055,268.260009765625
AMZN,AMZN,2026-09-18,0.37534246575342467,C,265.0,-0.012226869891303683,25.65,26.0,25.8,0.3700624517822265,193.0,3116,268.260009765625
AMZN,AMZN,2026-09-18,0.37534246575342467,C,270.0,0.006465263120848804,23.1,23.35,23.2,0.364813480834961,428.0,9337,268.260009765625
AMZN,AMZN,2026-09-18,0.37534246575342467,C,275.0,0.024814401789045277,20.7,20.95,20.9,0.36093778717041014,209.0,4155,268.260009765625
AMZN,AMZN,2026-09-18,0.37534246575342467,C,280.0,0.042832907291723746,18.5,18.7,18.55,0.3569400244140625,890.0,10691,268.260009765625
AMZN,AMZN,2026-09-18,0.37534246575342467,C,285.0,0.06053248439112461,16.3,16.75,16.52,0.35510898803710933,790.0,2348,268.260009765625
AMZN,AMZN,2026-09-18,0.37534246575342467,C,290.0,0.07792422710299374,14.6,14.85,14.7,0.35169105346679685,894.0,15027,268.260009765625
AMZN,AMZN,2026-09-18,0.37534246575342467,C,295.0,0.09501866046229379,12.95,13.15,13.04,0.34906656799316405,197.0,1640,268.260009765625
AMZN,AMZN,2026-09-18,0.37534246575342467,C,300.0,0.11182577877867517,11.5,11.6,11.53,0.3465336343383788,3283.0,11459,268.260009765625
AMZN,AMZN,2026-09-18,0.37534246575342467,C,305.0,0.1283550807298857,10.1,10.3,10.2,0.3459538061523437,437.0,4597,268.260009765625
AMZN,AMZN,2026-09-18,0.37534246575342467,C,310.0,0.14461560160166592,8.9,9.05,9.1,0.3440312179565429,491.0,1455,268.260009765625
AMZN,AMZN,2026-09-18,0.37534246575342467,C,315.0,0.16061594294810722,7.8,8.0,8.0,0.34363449340820307,349.0,1604,268.260009765625
AMZN,AMZN,2026-09-18,0.37534246575342467,C,320.0,0.17636429991624633,6.7,7.05,7.05,0.34311569976806633,177.0,2773,268.260009765625
AMZN,AMZN,2026-09-18,0.37534246575342467,C,325.0,0.19186848645221152,5.95,6.2,6.2,0.3426274234008788,387.0,621,268.260009765625
AMZN,AMZN,2026-09-18,0.37534246575342467,C,330.0,0.2071359585829999,5.3,5.45,5.33,0.3423832852172851,173.0,3140,268.260009765625
AMZN,AMZN,2026-09-18,0.37534246575342467,C,340.0,0.23698892173268113,3.95,4.25,4.1,0.3435124243164062,80.0,596,268.260009765625
AMZN,AMZN,2026-09-18,0.37534246575342467,C,350.0,0.26597645860593333,3.1,3.25,3.24,0.34314621704101556,239.0,11230,268.260009765625
AMZN,AMZN,2026-09-18,0.37534246575342467,C,360.0,0.29414733557262973,2.42,2.5,2.43,0.3438786315917969,109.0,4912,268.260009765625
AMZN,AMZN,2026-09-18,0.37534246575342467,C,370.0,0.3215463097607442,1.85,1.93,2.06,0.34516035705566406,86.0,2717,268.260009765625
AMZN,AMZN,2026-09-18,0.37534246575342467,C,375.0,0.3349693300928849,1.56,1.78,1.7,0.3494938098144531,22.0,157,268.260009765625
AMZN,AMZN,2026-09-18,0.37534246575342467,C,380.0,0.3482145568429055,1.37,1.51,1.45,0.34754070434570306,95.0,490,268.260009765625
AMZN,AMZN,2026-09-18,0.37534246575342467,C,390.0,0.3741900432461662,1.04,1.2,1.13,0.35095863891601553,17.0,24,268.260009765625
AMZN,AMZN,2026-09-18,0.37534246575342467,P,105.0,-0.9379963457200027,0.1,0.12,0.12,0.5996133789062501,13.0,2125,268.260009765625
AMZN,AMZN,2026-09-18,0.37534246575342467,P,110.0,-0.8914763300851096,0.11,0.16,0.29,0.585941640625,23.0,709,268.260009765625
AMZN,AMZN,2026-09-18,0.37534246575342467,P,115.0,-0.8470245675142758,0.1,0.21,0.19,0.567387138671875,3.0,239,268.260009765625
AMZN,AMZN,2026-09-18,0.37534246575342467,P,120.0,-0.8044649530954799,0.15,0.23,0.2,0.5546919531250001,1.0,278,268.260009765625
AMZN,AMZN,2026-09-18,0.37534246575342467,P,125.0,-0.7636429585752248,0.19,0.26,0.28,0.5400436621093752,1.0,402,268.260009765625
AMZN,AMZN,2026-09-18,0.37534246575342467,P,130.0,-0.7244222454219436,0.28,0.33,0.31,0.5356491748046875,7.0,5660,268.260009765625
AMZN,AMZN,2026-09-18,0.37534246575342467,P,135.0,-0.6866819174390965,0.34,0.38,0.35,0.5224657128906249,2.0,929,268.260009765625
AMZN,AMZN,2026-09-18,0.37534246575342467,P,140.0,-0.6503142732682216,0.41,0.46,0.45,0.5117236328125,2.0,2018,268.260009765625
AMZN,AMZN,2026-09-18,0.37534246575342467,P,145.0,-0.6152229534569515,0.48,0.55,0.54,0.5048877636718749,3.0,1323,268.260009765625
AMZN,AMZN,2026-09-18,0.37534246575342467,P,150.0,-0.5813214017812701,0.58,0.63,0.64,0.4907277490234375,67.0,5753,268.260009765625
AMZN,AMZN,2026-09-18,0.37534246575342467,P,155.0,-0.5485315789582794,0.68,0.74,0.73,0.4792532543945312,30.0,4697,268.260009765625
AMZN,AMZN,2026-09-18,0.37534246575342467,P,160.0,-0.516782880643699,0.8,0.87,0.84,0.46851117431640626,4.0,15766,268.260009765625
AMZN,AMZN,2026-09-18,0.37534246575342467,P,165.0,-0.4860112219769454,0.95,0.99,0.97,0.45508357421875,10.0,5036,268.260009765625
AMZN,AMZN,2026-09-18,0.37534246575342467,P,170.0,-0.4561582588272642,1.11,1.17,1.18,0.4454401159667969,14.0,10655,268.260009765625
AMZN,AMZN,2026-09-18,0.37534246575342467,P,175.0,-0.42717072195401196,1.29,1.36,1.31,0.4348201049804688,100.0,10892,268.260009765625
AMZN,AMZN,2026-09-18,0.37534246575342467,P,180.0,-0.39899984498731556,1.5,1.57,1.54,0.42383388671875,21.0,9482,268.260009765625
AMZN,AMZN,2026-09-18,0.37534246575342467,P,185.0,-0.37160087079920107,1.76,1.83,1.84,0.414068359375,13.0,6213,268.260009765625
AMZN,AMZN,2026-09-18,0.37534246575342467,P,190.0,-0.3449326237170398,2.05,2.13,2.14,0.4046080047607422,21.0,14599,268.260009765625
AMZN,AMZN,2026-09-18,0.37534246575342467,P,195.0,-0.3189571373137791,2.39,2.47,2.5,0.39514765014648445,51.0,5370,268.260009765625
AMZN,AMZN,2026-09-18,0.37534246575342467,P,200.0,-0.29363932932948933,2.8,2.91,2.85,0.387701435546875,103.0,11665,268.260009765625
AMZN,AMZN,2026-09-18,0.37534246575342467,P,205.0,-0.26894671673911774,3.25,3.4,3.36,0.379889013671875,36.0,3499,268.260009765625
AMZN,AMZN,2026-09-18,0.37534246575342467,P,210.0,-0.2448491651600573,3.8,3.95,3.9,0.37183245361328127,35.0,8470,268.260009765625
AMZN,AMZN,2026-09-18,0.37534246575342467,P,215.0,-0.22131866774986314,4.45,4.65,4.38,0.36591210266113283,5.0,5517,268.260009765625
AMZN,AMZN,2026-09-18,0.37534246575342467,P,220.0,-0.19832914952516434,5.2,5.4,5.35,0.3588626126098633,35.0,7691,268.260009765625
AMZN,AMZN,2026-09-18,0.37534246575342467,P,225.0,-0.17585629367310582,6.1,6.25,6.25,0.3518741571044921,22.0,3050,268.260009765625
AMZN,AMZN,2026-09-18,0.37534246575342467,P,230.0,-0.15387738695433054,7.05,7.25,7.2,0.3458317370605468,327.0,5633,268.260009765625
AMZN,AMZN,2026-09-18,0.37534246575342467,P,235.0,-0.132371181733367,8.2,8.4,8.28,0.3403386279296875,295.0,5702,268.260009765625
AMZN,AMZN,2026-09-18,0.37534246575342467,P,240.0,-0.11131777253553461,9.45,9.65,9.54,0.3341741387939453,770.0,3224,268.260009765625
AMZN,AMZN,2026-09-18,0.37534246575342467,P,245.0,-0.09069848533279899,10.9,11.1,11.0,0.32901671966552726,254.0,1133,268.260009765625
AMZN,AMZN,2026-09-18,0.37534246575342467,P,250.0,-0.0704957780152795,12.5,12.7,12.75,0.32376774871826164,95.0,2460,268.260009765625
AMZN,AMZN,2026-09-18,0.37534246575342467,P,255.0,-0.05069315071909985,14.3,14.5,14.5,0.319068088684082,44.0,2025,268.260009765625
AMZN,AMZN,2026-09-18,0.37534246575342467,P,260.0,-0.031275064861998214,16.25,16.5,16.4,0.31476515319824216,262.0,1709,268.260009765625
AMZN,AMZN,2026-09-18,0.37534246575342467,P,265.0,-0.012226869891303683,18.35,18.85,18.5,0.3129951513671875,174.0,405,268.260009765625
AMZN,AMZN,2026-09-18,0.37534246575342467,P,270.0,0.006465263120848804,20.85,21.05,21.2,0.30606773040771484,128.0,1150,268.260009765625
AMZN,AMZN,2026-09-18,0.37534246575342467,P,275.0,0.024814401789045277,23.3,23.8,23.4,0.30463341857910153,123.0,286,268.260009765625
AMZN,AMZN,2026-09-18,0.37534246575342467,P,280.0,0.042832907291723746,26.15,26.45,26.1,0.2988046194458007,504.0,519,268.260009765625
AMZN,AMZN,2026-09-18,0.37534246575342467,P,285.0,0.06053248439112461,28.65,29.85,38.37,0.30158169128417966,1.0,74,268.260009765625
AMZN,AMZN,2026-09-18,0.37534246575342467,P,290.0,0.07792422710299374,31.5,33.6,32.49,0.307349455871582,5.0,12,268.260009765625
AMZN,AMZN,2026-09-18,0.37534246575342467,P,295.0,0.09501866046229379,34.4,37.2,53.9,0.30832600860595705,4.0,14,268.260009765625
AMZN,AMZN,2026-09-18,0.37534246575342467,P,300.0,0.11182577877867517,37.95,40.0,45.25,0.2930673721313476,11.0,21,268.260009765625
AMZN,AMZN,2026-09-18,0.37534246575342467,P,305.0,0.1283550807298857,41.65,44.5,58.85,0.30454186676025385,10.0,10,268.260009765625
AMZN,AMZN,2026-09-18,0.37534246575342467,P,310.0,0.14461560160166592,45.65,48.2,54.9,0.2994759994506836,21.0,24,268.260009765625
AMZN,AMZN,2026-09-18,0.37534246575342467,P,315.0,0.16061594294810722,49.45,52.3,58.36,0.2995065167236328,2.0,1,268.260009765625
AMZN,AMZN,2026-09-18,0.37534246575342467,P,320.0,0.17636429991624633,53.75,56.3,53.49,0.2949594430541992,3.0,2,268.260009765625
AMZN,AMZN,2026-09-18,0.37534246575342467,P,325.0,0.19186848645221152,90.75,91.9,97.04,0.8154010159301758,2.0,0,268.260009765625
AMZN,AMZN,2026-09-18,0.37534246575342467,P,330.0,0.2071359585829999,62.3,64.95,70.1,0.29291478576660146,1.0,1,268.260009765625
AMZN,AMZN,2026-09-18,0.37534246575342467,P,340.0,0.23698892173268113,71.1,74.2,82.86,0.29895720581054686,1.0,1,268.260009765625
AMZN,AMZN,2026-09-18,0.37534246575342467,P,350.0,0.26597645860593333,108.1,110.7,99.9,0.800935828552246,4.0,0,268.260009765625
AMZN,AMZN,2026-09-18,0.37534246575342467,P,360.0,0.29414733557262973,117.45,120.45,109.83,0.8270586141967772,,0,268.260009765625
AMZN,AMZN,2026-09-18,0.37534246575342467,P,370.0,0.3215463097607442,127.5,130.25,144.17,0.85742330078125,2.0,0,268.260009765625
AMZN,AMZN,2027-01-15,0.7013698630136986,C,85.0,-1.1493054393872095,184.45,188.1,189.75,0.8869640209960936,2.0,624,268.260009765625
AMZN,AMZN,2027-01-15,0.7013698630136986,C,90.0,-1.092147025547261,179.5,183.3,183.26,0.8543715734863282,5.0,242,268.260009765625
AMZN,AMZN,2027-01-15,0.7013698630136986,C,95.0,-1.0380798042769852,174.75,178.5,176.96,0.8294694787597656,1.0,177,268.260009765625
AMZN,AMZN,2027-01-15,0.7013698630136986,C,100.0,-0.9867865098894346,170.3,173.2,171.75,0.7994404821777343,5.0,1502,268.260009765625
AMZN,AMZN,2027-01-15,0.7013698630136986,C,105.0,-0.9379963457200027,165.2,169.0,160.55,0.7824728784179689,50.0,356,268.260009765625
AMZN,AMZN,2027-01-15,0.7013698630136986,C,110.0,-0.8914763300851096,160.3,164.1,162.33,0.7529931927490234,1.0,276,268.260009765625
AMZN,AMZN,2027-01-15,0.7013698630136986,C,115.0,-0.8470245675142758,155.65,159.35,150.65,0.7338893798828124,1.0,214,268.260009765625
AMZN,AMZN,2027-01-15,0.7013698630136986,C,120.0,-0.8044649530954799,151.35,153.65,154.0,0.7019072778320312,74.0,741,268.260009765625
AMZN,AMZN,2027-01-15,0.7013698630136986,C,125.0,-0.7636429585752248,146.1,149.9,142.1,0.6917755432128907,1.0,204,268.260009765625
AMZN,AMZN,2027-01-15,0.7013698630136986,C,130.0,-0.7244222454219436,141.4,145.0,145.0,0.6693148303222658,1.0,550,268.260009765625
AMZN,AMZN,2027-01-15,0.7013698630136986,C,135.0,-0.6866819174390965,136.65,140.2,138.8,0.6481358428955077,8.0,299,268.260009765625
AMZN,AMZN,2027-01-15,0.7013698630136986,C,140.0,-0.6503142732682216,131.95,135.45,137.83,0.6290320300292969,1.0,540,268.260009765625
AMZN,AMZN,2027-01-15,0.7013698630136986,C,145.0,-0.6152229534569515,127.25,130.75,119.09,0.610904769897461,1.0,294,268.260009765625
AMZN,AMZN,2027-01-15,0.7013698630136986,C,150.0,-0.5813214017812701,123.25,125.4,124.0,0.5935709588623048,31.0,4075,268.260009765625
AMZN,AMZN,2027-01-15,0.7013698630136986,C,155.0,-0.5485315789582794,118.0,121.45,119.98,0.5783428396606446,5.0,527,268.260009765625
AMZN,AMZN,2027-01-15,0.7013698630136986,C,160.0,-0.516782880643699,114.1,116.1,115.31,0.5621992022705078,34.0,2726,268.260009765625
AMZN,AMZN,2027-01-15,0.7013698630136986,C,165.0,-0.4860112219769454,109.4,112.1,112.5,0.5528914340209962,2.0,498,268.260009765625
AMZN,AMZN,2027-01-15,0.7013698630136986,C,170.0,-0.4561582588272642,105.15,106.8,106.8,0.5325364129638672,16.0,1761,268.260009765625
AMZN,AMZN,2027-01-15,0.7013698630136986,C,175.0,-0.42717072195401196,101.05,102.05,102.33,0.5204515728759764,11.0,3083,268.260009765625
AMZN,AMZN,2027-01-15,0.7013698630136986,C,180.0,-0.39899984498731556,96.7,97.6,97.6,0.5083362155151367,15.0,4625,268.260009765625
AMZN,AMZN,2027-01-15,0.7013698630136986,C,185.0,-0.37160087079920107,92.4,93.25,93.05,0.5058032818603515,5.0,1684,268.260009765625
AMZN,AMZN,2027-01-15,0.7013698630136986,C,190.0,-0.3449326237170398,88.15,88.95,92.44,0.4940541317749024,14.0,1971,268.260009765625
AMZN,AMZN,2027-01-15,0.7013698630136986,C,195.0,-0.3189571373137791,84.0,84.75,84.4,0.48352567260742196,28.0,1297,268.260009765625
AMZN,AMZN,2027-01-15,0.7013698630136986,C,200.0,-0.29363932932948933,80.0,80.5,80.3,0.4714713497924804,141.0,12033,268.260009765625
AMZN,AMZN,2027-01-15,0.7013698630136986,C,205.0,-0.26894671673911774,75.95,76.45,75.85,0.46210254699707043,33.0,2403,268.260009765625
AMZN,AMZN,2027-01-15,0.7013698630136986,C,210.0,-0.2448491651600573,71.95,72.45,72.52,0.452703226928711,57.0,6548,268.260009765625
AMZN,AMZN,2027-01-15,0.7013698630136986,C,215.0,-0.22131866774986314,68.1,68.55,68.0,0.4440058041381836,25.0,5274,268.260009765625
AMZN,AMZN,2027-01-15,0.7013698630136986,C,220.0,-0.19832914952516434,64.35,64.8,64.5,0.4365595895385742,88.0,6377,268.260009765625
AMZN,AMZN,2027-01-15,0.7013698630136986,C,225.0,-0.17585629367310582,60.65,61.2,61.18,0.4302119967651368,107.0,8214,268.260009765625
AMZN,AMZN,2027-01-15,0.7013698630136986,C,230.0,-0.15387738695433054,57.15,57.6,57.15,0.4227962994384765,100.0,7096,268.260009765625
AMZN,AMZN,2027-01-15,0.7013698630136986,C,235.0,-0.132371181733367,53.75,54.2,53.6,0.4169369830322265,84.0,13199,268.260009765625
AMZN,AMZN,2027-01-15,0.7013698630136986,C,240.0,-0.11131777253553461,50.4,50.85,50.35,0.41058939025878904,76.0,9070,268.260009765625
AMZN,AMZN,2027-01-15,0.7013698630136986,C,245.0,-0.09069848533279899,47.2,47.65,47.3,0.40500472930908205,50.0,3153,268.260009765625
AMZN,AMZN,2027-01-15,0.7013698630136986,C,250.0,-0.0704957780152795,44.2,44.6,44.35,0.4000609310913086,546.0,120378,268.260009765625
AMZN,AMZN,2027-01-15,0.7013698630136986,C,255.0,-0.05069315071909985,41.2,41.75,41.25,0.3962767892456055,145.0,7366,268.260009765625
AMZN,AMZN,2027-01-15,0.7013698630136986,C,260.0,-0.031275064861998214,38.5,38.8,38.35,0.39015807601928715,350.0,6600,268.260009765625
AMZN,AMZN,2027-01-15,0.7013698630136986,C,265.0,-0.012226869891303683,35.8,36.2,36.2,0.38684695190429685,246.0,3138,268.260009765625
AMZN,AMZN,2027-01-15,0.7013698630136986,C,270.0,0.006465263120848804,33.3,33.6,33.7,0.38234565414428706,333.0,12000,268.260009765625
AMZN,AMZN,2027-01-15,0.7013698630136986,C,275.0,0.024814401789045277,30.95,31.2,30.8,0.37888194366455075,3914.0,205992,268.260009765625
AMZN,AMZN,2027-01-15,0.7013698630136986,C,280.0,0.042832907291723746,28.7,28.95,28.7,0.37589125091552733,186.0,9149,268.260009765625
AMZN,AMZN,2027-01-15,0.7013698630136986,C,285.0,0.06053248439112461,26.55,26.85,26.45,0.3733583172607422,214.0,6819,268.260009765625
AMZN,AMZN,2027-01-15,0.7013698630136986,C,290.0,0.07792422710299374,24.55,24.8,24.57,0.37023029678344727,74.0,5624,268.260009765625
AMZN,AMZN,2027-01-15,0.7013698630136986,C,295.0,0.09501866046229379,22.65,22.95,23.09,0.3681551222229004,99.0,1855,268.260009765625
AMZN,AMZN,2027-01-15,0.7013698630136986,C,300.0,0.11182577877867517,20.95,21.15,21.01,0.3655001194763184,1979.0,135903,268.260009765625
AMZN,AMZN,2027-01-15,0.7013698630136986,C,305.0,0.1283550807298857,19.3,19.5,19.57,0.36340968627929693,149.0,2687,268.260009765625
AMZN,AMZN,2027-01-15,0.7013698630136986,C,310.0,0.14461560160166592,17.75,18.05,17.74,0.36255520263671875,425.0,2690,268.260009765625
AMZN,AMZN,2027-01-15,0.7013698630136986,C,315.0,0.16061594294810722,16.35,16.6,16.69,0.3606020971679687,97.0,3410,268.260009765625
AMZN,AMZN,2027-01-15,0.7013698630136986,C,320.0,0.17636429991624633,15.05,15.25,15.36,0.35880157806396484,167.0,4107,268.260009765625
AMZN,AMZN,2027-01-15,0.7013698630136986,C,325.0,0.19186848645221152,13.85,14.05,14.25,0.3577945080566406,590.0,7779,268.260009765625
AMZN,AMZN,2027-01-15,0.7013698630136986,C,330.0,0.2071359585829999,12.75,12.95,12.83,0.3570620935058594,237.0,3310,268.260009765625
AMZN,AMZN,2027-01-15,0.7013698630136986,C,335.0,0.22217383594754056,11.7,11.9,12.13,0.3560245062255859,48.0,1820,268.260009765625
AMZN,AMZN,2027-01-15,0.7013698630136986,C,340.0,0.23698892173268113,10.8,11.0,10.88,0.3560245062255859,251.0,2910,268.260009765625
AMZN,AMZN,2027-01-15,0.7013698630136986,C,345.0,0.25158772115383377,9.9,10.1,10.05,0.3551700225830078,90.0,3123,268.260009765625
AMZN,AMZN,2027-01-15,0.7013698630136986,C,350.0,0.26597645860593333,9.15,9.3,9.15,0.3548343325805663,487.0,10404,268.260009765625
AMZN,AMZN,2027-01-15,0.7013698630136986,C,355.0,0.2801610935978899,8.35,8.55,8.57,0.354376573486328,106.0,2576,268.260009765625
AMZN,AMZN,2027-01-15,0.7013698630136986,C,360.0,0.29414733557262973,7.65,7.85,7.97,0.3538577798461914,827.0,4489,268.260009765625
AMZN,AMZN,2027-01-15,0.7013698630136986,C,370.0,0.3215463097607442,6.45,6.65,6.68,0.3536441589355468,740.0,8879,268.260009765625
AMZN,AMZN,2027-01-15,0.7013698630136986,C,375.0,0.3349693300928849,5.95,6.15,6.15,0.3541324353027343,256.0,184,268.260009765625
AMZN,AMZN,2027-01-15,0.7013698630136986,C,380.0,0.3482145568429055,5.5,5.65,5.5,0.35394933166503895,5141.0,12259,268.260009765625
AMZN,AMZN,2027-01-15,0.7013698630136986,C,390.0,0.3741900432461662,4.65,4.8,4.75,0.35431553894042955,341.0,243,268.260009765625
AMZN,AMZN,2027-01-15,0.7013698630136986,P,85.0,-1.1493054393872095,0.12,0.14,0.13,0.543949873046875,2.0,2962,268.260009765625
AMZN,AMZN,2027-01-15,0.7013698630136986,P,90.0,-1.092147025547261,0.11,0.21,0.24,0.5312546875,1.0,381,268.260009765625
AMZN,AMZN,2027-01-15,0.7013698630136986,P,95.0,-1.0380798042769852,0.18,0.23,0.22,0.5214891601562499,5.0,991,268.260009765625
AMZN,AMZN,2027-01-15,0.7013698630136986,P,100.0,-0.9867865098894346,0.24,0.29,0.27,0.5136767382812499,4.0,3386,268.260009765625
AMZN,AMZN,2027-01-15,0.7013698630136986,P,105.0,-0.9379963457200027,0.25,0.38,0.34,0.5014698291015626,51.0,220,268.260009765625
AMZN,AMZN,2027-01-15,0.7013698630136986,P,110.0,-0.8914763300851096,0.37,0.42,0.37,0.49805189453125004,2.0,1482,268.260009765625
AMZN,AMZN,2027-01-15,0.7013698630136986,P,115.0,-0.8470245675142758,0.43,0.52,0.49,0.4904836108398438,86.0,703,268.260009765625
AMZN,AMZN,2027-01-15,0.7013698630136986,P,120.0,-0.8044649530954799,0.55,0.61,0.56,0.47949739257812496,140.0,2199,268.260009765625
AMZN,AMZN,2027-01-15,0.7013698630136986,P,125.0,-0.7636429585752248,0.65,0.72,0.7,0.4699760034179688,80.0,2354,268.260009765625
AMZN,AMZN,2027-01-15,0.7013698630136986,P,130.0,-0.7244222454219436,0.78,0.83,0.81,0.45898978515625005,17.0,2713,268.260009765625
AMZN,AMZN,2027-01-15,0.7013698630136986,P,135.0,-0.6866819174390965,0.91,0.97,0.92,0.4498346032714844,16.0,2423,268.260009765625
AMZN,AMZN,2027-01-15,0.7013698630136986,P,140.0,-0.6503142732682216,1.07,1.13,1.1,0.4409235595703125,13.0,12609,268.260009765625
AMZN,AMZN,2027-01-15,0.7013698630136986,P,145.0,-0.6152229534569515,1.24,1.32,1.24,0.4327449304199219,28.0,5173,268.260009765625
AMZN,AMZN,2027-01-15,0.7013698630136986,P,150.0,-0.5813214017812701,1.45,1.5,1.43,0.422857333984375,70.0,12412,268.260009765625
AMZN,AMZN,2027-01-15,0.7013698630136986,P,155.0,-0.5485315789582794,1.63,1.78,1.74,0.41712008666992184,1.0,5964,268.260009765625
AMZN,AMZN,2027-01-15,0.7013698630136986,P,160.0,-0.516782880643699,1.95,2.0,1.97,0.40698835205078127,76.0,16533,268.260009765625
AMZN,AMZN,2027-01-15,0.7013698630136986,P,165.0,-0.4860112219769454,2.24,2.32,2.33,0.40027455200195317,15.0,6602,268.260009765625
AMZN,AMZN,2027-01-15,0.7013698630136986,P,170.0,-0.4561582588272642,2.59,2.67,2.64,0.39325557922363286,44.0,14055,268.260009765625
AMZN,AMZN,2027-01-15,0.7013698630136986,P,175.0,-0.42717072195401196,2.98,3.1,3.05,0.3876404010009765,81.0,8569,268.260009765625
AMZN,AMZN,2027-01-15,0.7013698630136986,P,180.0,-0.39899984498731556,3.4,3.55,3.5,0.38104867004394527,92.0,20914,268.260009765625
AMZN,AMZN,2027-01-15,0.7013698630136986,P,185.0,-0.37160087079920107,3.9,4.05,4.05,0.3745790081787109,293.0,10196,268.260009765625
AMZN,AMZN,2027-01-15,0.7013698630136986,P,190.0,-0.3449326237170398,4.5,4.65,4.57,0.36926900268554685,68.0,11475,268.260009765625
AMZN,AMZN,2027-01-15,0.7013698630136986,P,195.0,-0.3189571373137791,5.1,5.35,5.15,0.36475244628906256,15.0,5065,268.260009765625
AMZN,AMZN,2027-01-15,0.7013698630136986,P,200.0,-0.29363932932948933,5.9,6.05,6.02,0.35871002624511716,113.0,22707,268.260009765625
AMZN,AMZN,2027-01-15,0.7013698630136986,P,205.0,-0.26894671673911774,6.7,6.85,6.64,0.35324743438720696,45.0,3990,268.260009765625
AMZN,AMZN,2027-01-15,0.7013698630136986,P,210.0,-0.2448491651600573,7.6,7.8,7.7,0.34909708526611327,46.0,15515,268.260009765625
AMZN,AMZN,2027-01-15,0.7013698630136986,P,215.0,-0.22131866774986314,8.6,8.8,8.66,0.3442448388671875,230.0,5746,268.260009765625
AMZN,AMZN,2027-01-15,0.7013698630136986,P,220.0,-0.19832914952516434,9.75,9.9,9.85,0.3394841442871094,85.0,13503,268.260009765625
AMZN,AMZN,2027-01-15,0.7013698630136986,P,225.0,-0.17585629367310582,10.95,11.15,11.2,0.33551689880371094,196.0,6979,268.260009765625
AMZN,AMZN,2027-01-15,0.7013698630136986,P,230.0,-0.15387738695433054,12.3,12.5,12.45,0.3314275842285156,159.0,5858,268.260009765625
AMZN,AMZN,2027-01-15,0.7013698630136986,P,235.0,-0.132371181733367,13.75,14.0,13.83,0.327857063293457,34.0,7992,268.260009765625
AMZN,AMZN,2027-01-15,0.7013698630136986,P,240.0,-0.11131777253553461,15.35,15.55,15.35,0.3233710241699218,676.0,2125,268.260009765625
AMZN,AMZN,2027-01-15,0.7013698630136986,P,245.0,-0.09069848533279899,17.1,17.3,16.88,0.3198920550537109,6.0,4510,268.260009765625
AMZN,AMZN,2027-01-15,0.7013698630136986,P,250.0,-0.0704957780152795,18.95,19.15,19.1,0.31607739593505857,91.0,5785,268.260009765625
AMZN,AMZN,2027-01-15,0.7013698630136986,P,255.0,-0.05069315071909985,20.95,21.15,21.05,0.31250687499999996,54.0,1170,268.260009765625
AMZN,AMZN,2027-01-15,0.7013698630136986,P,260.0,-0.031275064861998214,23.1,23.3,23.1,0.3091041990661621,104.0,1861,268.260009765625
AMZN,AMZN,2027-01-15,0.7013698630136986,P,265.0,-0.012226869891303683,25.3,25.7,25.44,0.3069832485961914,241.0,585,268.260009765625
AMZN,AMZN,2027-01-15,0.7013698630136986,P,270.0,0.006465263120848804,27.7,28.2,27.5,0.30441979766845706,54.0,488,268.260009765625
AMZN,AMZN,2027-01-15,0.7013698630136986,P,275.0,0.024814401789045277,30.25,30.8,30.1,0.30142910491943364,3.0,563,268.260009765625
AMZN,AMZN,2027-01-15,0.7013698630136986,P,280.0,0.042832907291723746,33.05,33.3,32.35,0.2957834094238281,27.0,1525,268.260009765625
AMZN,AMZN,2027-01-15,0.7013698630136986,P,285.0,0.06053248439112461,35.8,36.35,35.4,0.2947153048706054,8.0,86,268.260009765625
AMZN,AMZN,2027-01-15,0.7013698630136986,P,290.0,0.07792422710299374,38.85,39.2,39.05,0.2898630584716796,7.0,710,268.260009765625
AMZN,AMZN,2027-01-15,0.7013698630136986,P,295.0,0.09501866046229379,41.95,42.45,40.9,0.28803202209472645,2.0,122,268.260009765625
AMZN,AMZN,2027-01-15,0.7013698630136986,P,300.0,0.11182577877867517,45.1,46.05,44.66,0.28876443664550777,5.0,596,268.260009765625
AMZN,AMZN,2027-01-15,0.7013698630136986,P,305.0,0.1283550807298857,48.05,50.1,61.0,0.29358616577148433,5.0,156,268.260009765625
AMZN,AMZN,2027-01-15,0.7013698630136986,P,310.0,0.14461560160166592,51.3,53.65,51.38,0.29111426666259754,1.0,371,268.260009765625
AMZN,AMZN,2027-01-15,0.7013698630136986,P,315.0,0.16061594294810722,54.95,57.35,66.4,0.2891306439208984,1.0,1,268.260009765625
AMZN,AMZN,2027-01-15,0.7013698630136986,P,320.0,0.17636429991624633,58.65,61.05,65.25,0.2856821920776367,1.0,16,268.260009765625
AMZN,AMZN,2027-01-15,0.7013698630136986,P,325.0,0.19186848645221152,62.45,64.85,62.9,0.28208115386962884,1.0,203,268.260009765625
AMZN,AMZN,2027-01-15,0.7013698630136986,P,330.0,0.2071359585829999,66.55,68.85,69.45,0.27982287567138664,21.0,21,268.260009765625
AMZN,AMZN,2027-01-15,0.7013698630136986,P,335.0,0.22217383594754056,70.4,73.1,76.55,0.27997546203613277,5.0,5,268.260009765625
AMZN,AMZN,2027-01-15,0.7013698630136986,P,340.0,0.23698892173268113,130.45,134.25,138.12,0.9309394113159181,50.0,0,268.260009765625
AMZN,AMZN,2027-01-15,0.7013698630136986,P,345.0,0.25158772115383377,134.4,138.3,106.69,0.9332282067871094,5.0,0,268.260009765625
AMZN,AMZN,2027-01-15,0.7013698630136986,P,350.0,0.26597645860593333,83.05,85.75,93.04,0.2710033837890625,6.0,4,268.260009765625
AMZN,AMZN,2027-01-15,0.7013698630136986,P,355.0,0.2801610935978899,148.45,152.15,111.34,1.0031025186920166,1.0,0,268.260009765625
AMZN,AMZN,2027-01-15,0.7013698630136986,P,370.0,0.3215463097607442,101.05,104.15,144.34,0.27161372924804683,1.0,0,268.260009765625
AMZN,AMZN,2027-01-15,0.7013698630136986,P,375.0,0.3349693300928849,105.6,109.0,117.3,0.2757640783691406,,6,268.260009765625
AMZN,AMZN,2027-01-15,0.7013698630136986,P,380.0,0.3482145568429055,110.75,113.6,110.1,0.27234614379882804,1.0,9,268.260009765625
AMZN,AMZN,2027-01-15,0.7013698630136986,P,390.0,0.3741900432461662,120.25,123.6,120.0,0.28729960754394523,1.0,0,268.260009765625
AMZN,AMZN,2027-07-16,1.2,C,105.0,-0.9379963457200027,168.05,171.95,159.85,0.6993438269042969,5.0,8,268.260009765625
AMZN,AMZN,2027-07-16,1.2,C,115.0,-0.8470245675142758,158.95,162.75,159.17,0.6640048248291017,2.0,5,268.260009765625
AMZN,AMZN,2027-07-16,1.2,C,120.0,-0.8044649530954799,154.85,157.9,114.25,0.6492954992675781,5.0,19,268.260009765625
AMZN,AMZN,2027-07-16,1.2,C,125.0,-0.7636429585752248,149.85,153.35,142.7,0.6272620281982424,1.0,7,268.260009765625
AMZN,AMZN,2027-07-16,1.2,C,130.0,-0.7244222454219436,145.3,148.65,148.25,0.6094399407958986,1.0,21,268.260009765625
AMZN,AMZN,2027-07-16,1.2,C,135.0,-0.6866819174390965,141.25,144.35,90.2,0.6017801052856447,2.0,3,268.260009765625
AMZN,AMZN,2027-07-16,1.2,C,140.0,-0.6503142732682216,136.4,139.9,123.65,0.58359181060791,1.0,5,268.260009765625
AMZN,AMZN,2027-07-16,1.2,C,145.0,-0.6152229534569515,131.95,135.45,135.15,0.5697064514160157,1.0,36,268.260009765625
AMZN,AMZN,2027-07-16,1.2,C,150.0,-0.5813214017812701,127.6,131.1,129.5,0.5576826458740236,3.0,22,268.260009765625
AMZN,AMZN,2027-07-16,1.2,C,155.0,-0.5485315789582794,123.25,126.75,85.4,0.5454147021484376,1.0,21,268.260009765625
AMZN,AMZN,2027-07-16,1.2,C,160.0,-0.516782880643699,119.4,122.3,116.36,0.5363815893554689,1.0,24,268.260009765625
AMZN,AMZN,2027-07-16,1.2,C,165.0,-0.4860112219769454,114.8,118.05,117.25,0.5224351956176757,1.0,32,268.260009765625
AMZN,AMZN,2027-07-16,1.2,C,170.0,-0.4561582588272642,110.75,113.75,104.35,0.5123644955444336,2.0,19,268.260009765625
AMZN,AMZN,2027-07-16,1.2,C,175.0,-0.42717072195401196,106.8,109.3,108.5,0.5015308636474609,1.0,15,268.260009765625
AMZN,AMZN,2027-07-16,1.2,C,180.0,-0.39899984498731556,102.95,105.3,97.62,0.5108386318969728,10.0,19,268.260009765625
AMZN,AMZN,2027-07-16,1.2,C,185.0,-0.37160087079920107,99.4,101.15,101.5,0.4993641372680664,2.0,89,268.260009765625
AMZN,AMZN,2027-07-16,1.2,C,190.0,-0.3449326237170398,95.65,97.0,89.35,0.48767602172851565,2.0,51,268.260009765625
AMZN,AMZN,2027-07-16,1.2,C,195.0,-0.3189571373137791,91.9,93.45,92.8,0.4832204998779297,8.0,49,268.260009765625
AMZN,AMZN,2027-07-16,1.2,C,200.0,-0.29363932932948933,88.2,89.45,89.7,0.4726615234375,6.0,177,268.260009765625
AMZN,AMZN,2027-07-16,1.2,C,205.0,-0.26894671673911774,84.5,85.95,83.0,0.4675651388549804,3.0,194,268.260009765625
AMZN,AMZN,2027-07-16,1.2,C,210.0,-0.2448491651600573,81.0,82.2,82.5,0.45900504379272467,8.0,90,268.260009765625
AMZN,AMZN,2027-07-16,1.2,C,215.0,-0.22131866774986314,77.5,78.9,79.7,0.45488521194458004,3.0,171,268.260009765625
AMZN,AMZN,2027-07-16,1.2,C,220.0,-0.19832914952516434,74.15,75.35,73.23,0.44743899734497067,17.0,166,268.260009765625
AMZN,AMZN,2027-07-16,1.2,C,225.0,-0.17585629367310582,71.25,71.85,67.39,0.4399927827453613,4.0,761,268.260009765625
AMZN,AMZN,2027-07-16,1.2,C,230.0,-0.15387738695433054,67.7,68.8,61.65,0.43651381362915037,2.0,118,268.260009765625
AMZN,AMZN,2027-07-16,1.2,C,235.0,-0.132371181733367,64.65,65.75,60.57,0.43233294723510746,1.0,82,268.260009765625
AMZN,AMZN,2027-07-16,1.2,C,240.0,-0.11131777253553461,61.65,62.75,62.94,0.4279689772033692,1.0,766,268.260009765625
AMZN,AMZN,2027-07-16,1.2,C,245.0,-0.09069848533279899,58.75,59.85,56.75,0.42389492126464845,6.0,98,268.260009765625
AMZN,AMZN,2027-07-16,1.2,C,250.0,-0.0704957780152795,56.0,57.0,56.6,0.41962250305175786,21.0,579,268.260009765625
AMZN,AMZN,2027-07-16,1.2,C,255.0,-0.05069315071909985,53.3,54.3,54.45,0.41606724075317375,2.0,43,268.260009765625
AMZN,AMZN,2027-07-16,1.2,C,260.0,-0.031275064861998214,50.9,51.7,51.95,0.41275611663818357,138.0,482,268.260009765625
AMZN,AMZN,2027-07-16,1.2,C,265.0,-0.012226869891303683,48.5,49.15,49.9,0.4092161129760742,17.0,429,268.260009765625
AMZN,AMZN,2027-07-16,1.2,C,270.0,0.006465263120848804,46.15,46.75,47.1,0.4063627479553223,6.0,71,268.260009765625
AMZN,AMZN,2027-07-16,1.2,C,275.0,0.024814401789045277,43.8,44.45,47.09,0.40372300384521487,2.0,131,268.260009765625
AMZN,AMZN,2027-07-16,1.2,C,280.0,0.042832907291723746,41.6,42.15,38.95,0.4004271383666992,4.0,275,268.260009765625
AMZN,AMZN,2027-07-16,1.2,C,285.0,0.06053248439112461,39.5,40.05,40.3,0.39822989471435544,7.0,223,268.260009765625
AMZN,AMZN,2027-07-16,1.2,C,290.0,0.07792422710299374,37.45,38.0,37.6,0.3958342887878418,3.0,353,268.260009765625
AMZN,AMZN,2027-07-16,1.2,C,295.0,0.09501866046229379,35.55,36.1,36.98,0.39409480422973636,5.0,38,268.260009765625
AMZN,AMZN,2027-07-16,1.2,C,300.0,0.11182577877867517,33.85,34.05,34.14,0.3904785073852539,30.0,856,268.260009765625
AMZN,AMZN,2027-07-16,1.2,C,305.0,0.1283550807298857,31.95,32.4,32.45,0.38966979965209964,37.0,111,268.260009765625
AMZN,AMZN,2027-07-16,1.2,C,310.0,0.14461560160166592,30.25,30.8,32.79,0.3887085055541992,1.0,306,268.260009765625
AMZN,AMZN,2027-07-16,1.2,C,315.0,0.16061594294810722,28.65,29.15,29.0,0.3867554000854492,2.0,134,268.260009765625
AMZN,AMZN,2027-07-16,1.2,C,320.0,0.17636429991624633,27.15,27.55,27.6,0.3846497082519531,5.0,403,268.260009765625
AMZN,AMZN,2027-07-16,1.2,C,325.0,0.19186848645221152,25.7,26.15,25.3,0.38374944869995115,1.0,240,268.260009765625
AMZN,AMZN,2027-07-16,1.2,C,330.0,0.2071359585829999,24.35,24.8,24.45,0.3827576373291015,13.0,537,268.260009765625
AMZN,AMZN,2027-07-16,1.2,C,335.0,0.22217383594754056,23.0,23.45,24.77,0.3812317736816406,2.0,460,268.260009765625
AMZN,AMZN,2027-07-16,1.2,C,340.0,0.23698892173268113,21.8,22.3,22.25,0.3809876354980468,48.0,71,268.260009765625
AMZN,AMZN,2027-07-16,1.2,C,345.0,0.25158772115383377,20.65,21.05,21.97,0.37935496139526365,40.0,294,268.260009765625
AMZN,AMZN,2027-07-16,1.2,C,350.0,0.26597645860593333,19.65,19.85,20.01,0.377661252746582,75.0,1125,268.260009765625
AMZN,AMZN,2027-07-16,1.2,C,360.0,0.29414733557262973,17.6,17.85,18.11,0.37662366546630854,53.0,828,268.260009765625
AMZN,AMZN,2027-07-16,1.2,C,370.0,0.3215463097607442,15.65,16.05,15.5,0.37573866455078125,2.0,8,268.260009765625
AMZN,AMZN,2027-07-16,1.2,C,375.0,0.3349693300928849,14.8,15.2,12.34,0.3751588363647461,,97,268.260009765625
AMZN,AMZN,2027-07-16,1.2,C,380.0,0.3482145568429055,14.0,14.4,14.2,0.3746705599975586,7.0,434,268.260009765625
AMZN,AMZN,2027-07-16,1.2,C,390.0,0.3741900432461662,12.55,12.9,12.7,0.37354142089843745,397.0,434,268.260009765625
AMZN,AMZN,2027-07-16,1.2,P,105.0,-0.9379963457200027,0.9,1.03,0.96,0.46094289062500005,1.0,112,268.260009765625
AMZN,AMZN,2027-07-16,1.2,P,110.0,-0.8914763300851096,1.05,1.18,1.16,0.45093322509765627,3.0,17,268.260009765625
AMZN,AMZN,2027-07-16,1.2,P,115.0,-0.8470245675142758,1.22,1.36,1.5,0.4420221813964844,2.0,19,268.260009765625
AMZN,AMZN,2027-07-16,1.2,P,120.0,-0.8044649530954799,1.42,1.56,1.76,0.4334773449707031,10.0,69,268.260009765625
AMZN,AMZN,2027-07-16,1.2,P,125.0,-0.7636429585752248,1.63,1.78,1.67,0.4250545776367188,1.0,48,268.260009765625
AMZN,AMZN,2027-07-16,1.2,P,130.0,-0.7244222454219436,1.89,2.03,2.9,0.4172421557617187,61.0,15,268.260009765625
AMZN,AMZN,2027-07-16,1.2,P,135.0,-0.6866819174390965,2.15,2.31,2.46,0.4096738720703125,1.0,121,268.260009765625
AMZN,AMZN,2027-07-16,1.2,P,140.0,-0.6503142732682216,2.47,2.62,3.67,0.4024717956542969,12.0,43,268.260009765625
AMZN,AMZN,2027-07-16,1.2,P,145.0,-0.6152229534569515,2.86,2.93,2.87,0.3943542010498047,15.0,968,268.260009765625
AMZN,AMZN,2027-07-16,1.2,P,150.0,-0.5813214017812701,3.2,3.4,3.3,0.3903259210205078,13.0,96,268.260009765625
AMZN,AMZN,2027-07-16,1.2,P,155.0,-0.5485315789582794,3.6,3.85,3.7,0.38446660461425775,10.0,280,268.260009765625
AMZN,AMZN,2027-07-16,1.2,P,160.0,-0.516782880643699,4.15,4.3,4.25,0.3776307354736328,622.0,1570,268.260009765625
AMZN,AMZN,2027-07-16,1.2,P,165.0,-0.4860112219769454,4.7,4.85,4.75,0.3723207299804688,10.0,680,268.260009765625
AMZN,AMZN,2027-07-16,1.2,P,170.0,-0.4561582588272642,5.25,5.5,5.55,0.36807882904052736,1.0,990,268.260009765625
AMZN,AMZN,2027-07-16,1.2,P,175.0,-0.42717072195401196,5.9,6.2,6.25,0.3637148590087891,1.0,63,268.260009765625
AMZN,AMZN,2027-07-16,1.2,P,180.0,-0.39899984498731556,6.65,6.95,7.05,0.35916778533935545,1.0,88,268.260009765625
AMZN,AMZN,2027-07-16,1.2,P,185.0,-0.37160087079920107,7.5,7.75,7.9,0.3544681253051757,1.0,45,268.260009765625
AMZN,AMZN,2027-07-16,1.2,P,190.0,-0.3449326237170398,8.4,8.6,8.85,0.34961587890624996,1.0,657,268.260009765625
AMZN,AMZN,2027-07-16,1.2,P,195.0,-0.3189571373137791,9.35,9.65,9.4,0.34671673797607416,1.0,73,268.260009765625
AMZN,AMZN,2027-07-16,1.2,P,200.0,-0.29363932932948933,10.45,10.65,10.55,0.34204759521484374,8.0,698,268.260009765625
AMZN,AMZN,2027-07-16,1.2,P,205.0,-0.26894671673911774,11.5,11.9,13.93,0.33968250656127924,1.0,59,268.260009765625
AMZN,AMZN,2027-07-16,1.2,P,210.0,-0.2448491651600573,12.85,13.1,12.79,0.3356084506225586,38.0,649,268.260009765625
AMZN,AMZN,2027-07-16,1.2,P,215.0,-0.22131866774986314,14.2,14.4,14.4,0.33174801559448247,22.0,1527,268.260009765625
AMZN,AMZN,2027-07-16,1.2,P,220.0,-0.19832914952516434,15.55,15.95,15.58,0.3297491342163086,3.0,577,268.260009765625
AMZN,AMZN,2027-07-16,1.2,P,225.0,-0.17585629367310582,17.1,17.5,17.95,0.3266668896484375,41.0,93,268.260009765625
AMZN,AMZN,2027-07-16,1.2,P,230.0,-0.15387738695433054,18.75,19.15,19.6,0.32364567962646473,13.0,27,268.260009765625
AMZN,AMZN,2027-07-16,1.2,P,235.0,-0.132371181733367,20.45,20.9,20.26,0.32067024551391593,2.0,5,268.260009765625
AMZN,AMZN,2027-07-16,1.2,P,240.0,-0.11131777253553461,22.3,22.75,22.6,0.3176948114013671,10.0,53,268.260009765625
AMZN,AMZN,2027-07-16,1.2,P,245.0,-0.09069848533279899,24.25,24.7,24.05,0.31473463592529294,1.0,418,268.260009765625
AMZN,AMZN,2027-07-16,1.2,P,250.0,-0.0704957780152795,26.3,26.75,26.52,0.3117744604492187,1.0,309,268.260009765625
AMZN,AMZN,2027-07-16,1.2,P,255.0,-0.05069315071909985,28.45,28.95,30.8,0.309226268157959,19.0,21,268.260009765625
AMZN,AMZN,2027-07-16,1.2,P,260.0,-0.031275064861998214,30.75,31.25,30.3,0.30664755859375,22.0,7,268.260009765625
AMZN,AMZN,2027-07-16,1.2,P,265.0,-0.012226869891303683,33.1,33.65,32.72,0.3040230731201171,1.0,47,268.260009765625
AMZN,AMZN,2027-07-16,1.2,P,270.0,0.006465263120848804,35.6,36.1,35.46,0.3009255699157715,2.0,501,268.260009765625
AMZN,AMZN,2027-07-16,1.2,P,285.0,0.06053248439112461,43.7,44.25,43.45,0.29312840667724605,20.0,0,268.260009765625
AMZN,AMZN,2027-07-16,1.2,P,300.0,0.11182577877867517,52.7,53.3,57.97,0.2851023638916015,522.0,562,268.260009765625
AMZN,AMZN,2027-07-16,1.2,P,305.0,0.1283550807298857,55.9,56.55,60.15,0.2827067579650879,,22,268.260009765625
AMZN,AMZN,2027-07-16,1.2,P,315.0,0.16061594294810722,62.6,63.3,61.15,0.27754933883666993,1.0,1,268.260009765625
AMZN,AMZN,2027-07-16,1.2,P,320.0,0.17636429991624633,65.7,67.55,64.85,0.2817759811401367,1.0,0,268.260009765625
AMZN,AMZN,2027-07-16,1.2,P,325.0,0.19186848645221152,69.25,71.0,73.15,0.2778545115661621,,20,268.260009765625
AMZN,AMZN,2027-07-16,1.2,P,330.0,0.2071359585829999,72.95,74.35,72.3,0.27201045379638666,1.0,70,268.260009765625
AMZN,AMZN,2027-07-16,1.2,P,345.0,0.25158772115383377,84.0,86.45,102.71,0.2699047619628906,3.0,2,268.260009765625
AMZN,AMZN,2027-07-16,1.2,P,350.0,0.26597645860593333,138.5,143.0,109.25,0.719653072052002,1.0,0,268.260009765625
AMZN,AMZN,2027-07-16,1.2,P,360.0,0.29414733557262973,96.25,98.65,109.6,0.26187871917724614,3.0,1,268.260009765625
AMZN,AMZN,2027-07-16,1.2,P,370.0,0.3215463097607442,104.65,107.15,114.27,0.25678233459472655,3.0,3,268.260009765625
AMZN,AMZN,2027-07-16,1.2,P,375.0,0.3349693300928849,108.95,111.5,112.7,0.25427991821289064,3.0,3,268.260009765625
AMZN,AMZN,2027-07-16,1.2,P,380.0,0.3482145568429055,113.45,115.85,115.4,0.2508925009155273,3.0,6,268.260009765625
AMZN,AMZN,2027-07-16,1.2,P,390.0,0.3741900432461662,122.35,124.95,121.8,0.24802387725830077,3.0,0,268.260009765625
AMZN,AMZN,2028-12-15,2.6191780821917807,C,105.0,-0.9379963457200027,176.5,181.0,179.01,0.6298254791259765,4.0,258,268.260009765625
AMZN,AMZN,2028-12-15,2.6191780821917807,C,110.0,-0.8914763300851096,172.5,176.6,175.5,0.6154823608398439,2.0,89,268.260009765625
AMZN,AMZN,2028-12-15,2.6191780821917807,C,115.0,-0.8470245675142758,168.5,172.9,172.19,0.6065407998657227,4.0,320,268.260009765625
AMZN,AMZN,2028-12-15,2.6191780821917807,C,120.0,-0.8044649530954799,164.8,169.0,158.19,0.5981180325317383,5.0,256,268.260009765625
AMZN,AMZN,2028-12-15,2.6191780821917807,C,125.0,-0.7636429585752248,160.5,165.0,164.0,0.5849040533447265,1.0,56,268.260009765625
AMZN,AMZN,2028-12-15,2.6191780821917807,C,130.0,-0.7244222454219436,156.6,161.0,149.75,0.5744671459960937,1.0,156,268.260009765625
AMZN,AMZN,2028-12-15,2.6191780821917807,C,135.0,-0.6866819174390965,152.5,157.5,142.99,0.5658307577514649,1.0,85,268.260009765625
AMZN,AMZN,2028-12-15,2.6191780821917807,C,140.0,-0.6503142732682216,148.5,153.45,154.62,0.5544935908508302,4.0,129,268.260009765625
AMZN,AMZN,2028-12-15,2.6191780821917807,C,145.0,-0.6152229534569515,145.0,149.5,135.75,0.5465743585205078,1.0,81,268.260009765625
AMZN,AMZN,2028-12-15,2.6191780821917807,C,150.0,-0.5813214017812701,142.0,146.0,144.21,0.5435226312255861,10.0,731,268.260009765625
AMZN,AMZN,2028-12-15,2.6191780821917807,C,155.0,-0.5485315789582794,137.5,142.5,143.95,0.5323227920532226,1.0,164,268.260009765625
AMZN,AMZN,2028-12-15,2.6191780821917807,C,160.0,-0.516782880643699,134.9,139.0,133.67,0.5305680488586426,15.0,240,268.260009765625
AMZN,AMZN,2028-12-15,2.6191780821917807,C,165.0,-0.4860112219769454,130.5,134.75,134.0,0.5161486373901367,10.0,111,268.260009765625
AMZN,AMZN,2028-12-15,2.6191780821917807,C,170.0,-0.4561582588272642,127.5,131.5,130.04,0.5130816514587402,7.0,315,268.260009765625
AMZN,AMZN,2028-12-15,2.6191780821917807,C,175.0,-0.42717072195401196,124.0,128.5,117.0,0.5084735432434082,3.0,277,268.260009765625
AMZN,AMZN,2028-12-15,2.6191780821917807,C,180.0,-0.39899984498731556,120.5,125.0,124.0,0.5013935359191897,3.0,538,268.260009765625
AMZN,AMZN,2028-12-15,2.6191780821917807,C,185.0,-0.37160087079920107,117.0,121.95,120.0,0.5167742414855958,26.0,239,268.260009765625
AMZN,AMZN,2028-12-15,2.6191780821917807,C,190.0,-0.3449326237170398,114.0,118.5,116.85,0.509190699157715,62.0,559,268.260009765625
AMZN,AMZN,2028-12-15,2.6191780821917807,C,195.0,-0.3189571373137791,111.0,115.5,113.24,0.5050708673095703,11.0,308,268.260009765625
AMZN,AMZN,2028-12-15,2.6191780821917807,C,200.0,-0.29363932932948933,108.0,112.5,110.64,0.5006763800048828,92.0,7095,268.260009765625
AMZN,AMZN,2028-12-15,2.6191780821917807,C,210.0,-0.2448491651600573,102.15,106.5,104.4,0.49110921493530274,16.0,3640,268.260009765625
AMZN,AMZN,2028-12-15,2.6191780821917807,C,220.0,-0.19832914952516434,97.25,100.5,99.3,0.48065704895019534,44.0,1455,268.260009765625
AMZN,AMZN,2028-12-15,2.6191780821917807,C,230.0,-0.15387738695433054,91.0,95.5,93.16,0.4762320443725586,11.0,1027,268.260009765625
AMZN,AMZN,2028-12-15,2.6191780821917807,C,240.0,-0.11131777253553461,85.5,90.3,88.3,0.469304623413086,25.0,1798,268.260009765625
AMZN,AMZN,2028-12-15,2.6191780821917807,C,250.0,-0.0704957780152795,81.45,83.65,82.69,0.4520928814697266,178.0,2403,268.260009765625
AMZN,AMZN,2028-12-15,2.6191780821917807,C,260.0,-0.031275064861998214,77.3,79.25,79.0,0.4485681364440917,117.0,921,268.260009765625
AMZN,AMZN,2028-12-15,2.6191780821917807,C,270.0,0.006465263120848804,72.4,75.5,74.33,0.4479425323486328,121.0,842,268.260009765625
AMZN,AMZN,2028-12-15,2.6191780821917807,C,280.0,0.042832907291723746,68.8,71.25,70.0,0.4431818377685547,24.0,5090,268.260009765625
AMZN,AMZN,2028-12-15,2.6191780821917807,C,290.0,0.07792422710299374,64.6,67.15,66.5,0.43837536727905274,18.0,1156,268.260009765625
AMZN,AMZN,2028-12-15,2.6191780821917807,C,300.0,0.11182577877867517,61.65,63.6,62.86,0.43588820953369145,46.0,3565,268.260009765625
AMZN,AMZN,2028-12-15,2.6191780821917807,C,310.0,0.14461560160166592,57.35,59.55,59.5,0.42958639266967774,8.0,479,268.260009765625
AMZN,AMZN,2028-12-15,2.6191780821917807,C,320.0,0.17636429991624633,54.1,56.8,56.07,0.42997548789978024,11.0,1142,268.260009765625
AMZN,AMZN,2028-12-15,2.6191780821917807,C,330.0,0.2071359585829999,51.05,53.3,53.76,0.42517664672851563,118.0,3136,268.260009765625
AMZN,AMZN,2028-12-15,2.6191780821917807,C,340.0,0.23698892173268113,47.9,51.05,49.73,0.4267788035583497,131.0,937,268.260009765625
AMZN,AMZN,2028-12-15,2.6191780821917807,C,350.0,0.26597645860593333,45.85,47.95,47.0,0.42269711830139156,43.0,4241,268.260009765625
AMZN,AMZN,2028-12-15,2.6191780821917807,C,360.0,0.29414733557262973,43.35,45.45,44.76,0.4213390996551514,13.0,923,268.260009765625
AMZN,AMZN,2028-12-15,2.6191780821917807,C,370.0,0.3215463097607442,40.35,43.35,42.3,0.4215908671569824,59.0,3712,268.260009765625
AMZN,AMZN,2028-12-15,2.6191780821917807,C,375.0,0.3349693300928849,39.0,43.0,41.75,0.4255504833221436,40.0,72,268.260009765625
AMZN,AMZN,2028-12-15,2.6191780821917807,C,380.0,0.3482145568429055,38.55,41.35,39.35,0.42177397079467777,57.0,728,268.260009765625
AMZN,AMZN,2028-12-15,2.6191780821917807,C,390.0,0.3741900432461662,36.15,39.0,37.6,0.41925629577636714,30.0,397,268.260009765625
AMZN,AMZN,2028-12-15,2.6191780821917807,P,105.0,-0.9379963457200027,3.0,4.55,3.15,0.4285945812988281,2.0,612,268.260009765625
AMZN,AMZN,2028-12-15,2.6191780821917807,P,110.0,-0.8914763300851096,2.93,4.3,3.7,0.4039366247558594,5.0,627,268.260009765625
AMZN,AMZN,2028-12-15,2.6191780821917807,P,115.0,-0.8470245675142758,3.95,4.75,4.2,0.39649041015625003,77.0,1070,268.260009765625
AMZN,AMZN,2028-12-15,2.6191780821917807,P,120.0,-0.8044649530954799,4.5,5.1,4.85,0.38663333099365227,1.0,1525,268.260009765625
AMZN,AMZN,2028-12-15,2.6191780821917807,P,125.0,-0.7636429585752248,4.05,5.75,5.35,0.3825134991455078,21.0,1009,268.260009765625
AMZN,AMZN,2028-12-15,2.6191780821917807,P,130.0,-0.7244222454219436,5.35,6.9,6.19,0.38626712371826166,2.0,480,268.260009765625
AMZN,AMZN,2028-12-15,2.6191780821917807,P,135.0,-0.6866819174390965,6.0,7.1,7.1,0.37296159271240237,2.0,442,268.260009765625
AMZN,AMZN,2028-12-15,2.6191780821917807,P,140.0,-0.6503142732682216,6.7,8.45,7.35,0.377386597290039,32.0,859,268.260009765625
AMZN,AMZN,2028-12-15,2.6191780821917807,P,145.0,-0.6152229534569515,7.5,9.3,8.2,0.37308366180419916,8.0,1575,268.260009765625
AMZN,AMZN,2028-12-15,2.6191780821917807,P,150.0,-0.5813214017812701,8.55,9.15,8.97,0.3550479534912109,35.0,5128,268.260009765625
AMZN,AMZN,2028-12-15,2.6191780821917807,P,155.0,-0.5485315789582794,9.5,10.2,9.94,0.3529575202941894,2.0,507,268.260009765625
AMZN,AMZN,2028-12-15,2.6191780821917807,P,160.0,-0.516782880643699,10.2,12.3,10.8,0.362311064453125,35.0,1985,268.260009765625
AMZN,AMZN,2028-12-15,2.6191780821917807,P,165.0,-0.4860112219769454,11.5,12.9,11.8,0.3532016584777831,53.0,3680,268.260009765625
AMZN,AMZN,2028-12-15,2.6191780821917807,P,170.0,-0.4561582588272642,12.65,13.8,12.95,0.3472050143432617,25.0,3291,268.260009765625
AMZN,AMZN,2028-12-15,2.6191780821917807,P,175.0,-0.42717072195401196,13.75,15.0,14.21,0.3438938902282715,1222.0,3837,268.260009765625
AMZN,AMZN,2028-12-15,2.6191780821917807,P,180.0,-0.39899984498731556,14.4,15.85,15.55,0.33670707244873044,34.0,2000,268.260009765625
AMZN,AMZN,2028-12-15,2.6191780821917807,P,185.0,-0.37160087079920107,15.9,17.15,16.83,0.3334264656066895,25.0,1013,268.260009765625
AMZN,AMZN,2028-12-15,2.6191780821917807,P,190.0,-0.3449326237170398,17.8,18.55,18.33,0.33052732467651363,54.0,527,268.260009765625
AMZN,AMZN,2028-12-15,2.6191780821917807,P,195.0,-0.3189571373137791,18.75,20.0,19.69,0.3275213732910156,3.0,1294,268.260009765625
AMZN,AMZN,2028-12-15,2.6191780821917807,P,200.0,-0.29363932932948933,20.2,22.35,21.04,0.33127499786376957,20.0,4021,268.260009765625
AMZN,AMZN,2028-12-15,2.6191780821917807,P,210.0,-0.2448491651600573,23.8,25.95,24.3,0.3277349942016602,3.0,1504,268.260009765625
AMZN,AMZN,2028-12-15,2.6191780821917807,P,220.0,-0.19832914952516434,27.3,29.35,28.12,0.32071602142333977,31.0,660,268.260009765625
AMZN,AMZN,2028-12-15,2.6191780821917807,P,230.0,-0.15387738695433054,30.9,33.25,32.12,0.31546705047607415,22.0,1124,268.260009765625
AMZN,AMZN,2028-12-15,2.6191780821917807,P,240.0,-0.11131777253553461,35.9,37.0,35.97,0.3075478181457519,5.0,2006,268.260009765625
AMZN,AMZN,2028-12-15,2.6191780821917807,P,250.0,-0.0704957780152795,39.25,42.6,40.73,0.3096840272521973,16.0,687,268.260009765625
AMZN,AMZN,2028-12-15,2.6191780821917807,P,260.0,-0.031275064861998214,43.95,46.45,45.43,0.29917082672119133,14.0,263,268.260009765625
AMZN,AMZN,2028-12-15,2.6191780821917807,P,270.0,0.006465263120848804,49.0,51.9,50.55,0.29680573806762695,34.0,258,268.260009765625
AMZN,AMZN,2028-12-15,2.6191780821917807,P,280.0,0.042832907291723746,53.7,57.85,58.8,0.2956918576049804,4.0,553,268.260009765625
AMZN,AMZN,2028-12-15,2.6191780821917807,P,290.0,0.07792422710299374,59.0,63.35,60.41,0.29038185211181633,17.0,26,268.260009765625
AMZN,AMZN,2028-12-15,2.6191780821917807,P,300.0,0.11182577877867517,65.0,67.85,66.77,0.27780873565673825,39.0,751,268.260009765625
AMZN,AMZN,2028-12-15,2.6191780821917807,P,310.0,0.14461560160166592,71.5,75.15,74.0,0.2798839102172851,2.0,362,268.260009765625
AMZN,AMZN,2028-12-15,2.6191780821917807,P,320.0,0.17636429991624633,77.5,81.95,79.8,0.2776408906555175,2.0,304,268.260009765625
AMZN,AMZN,2028-12-15,2.6191780821917807,P,330.0,0.2071359585829999,84.5,89.0,86.11,0.27545890563964837,4.0,67,268.260009765625
AMZN,AMZN,2028-12-15,2.6191780821917807,P,340.0,0.23698892173268113,91.5,95.3,97.78,0.26735656967163085,3.0,228,268.260009765625
AMZN,AMZN,2028-12-15,2.6191780821917807,P,350.0,0.26597645860593333,98.55,103.0,100.66,0.2663342410278321,3.0,75,268.260009765625
AMZN,AMZN,2028-12-15,2.6191780821917807,P,360.0,0.29414733557262973,106.0,110.0,107.75,0.25951363052368165,18.0,75,268.260009765625
AMZN,AMZN,2028-12-15,2.6191780821917807,P,370.0,0.3215463097607442,113.5,117.5,118.42,0.2543562113952637,5.0,378,268.260009765625
AMZN,AMZN,2028-12-15,2.6191780821917807,P,375.0,0.3349693300928849,117.5,121.5,119.49,0.25292952888488773,3.0,0,268.260009765625
AMZN,AMZN,2028-12-15,2.6191780821917807,P,380.0,0.3482145568429055,121.5,125.5,129.0,0.2511671563720703,50.0,143,268.260009765625
AMZN,AMZN,2028-12-15,2.6191780821917807,P,390.0,0.3741900432461662,129.5,133.5,131.2,0.24654378952026368,3.0,0,268.260009765625
