timestamp,open,high,low,close,volume
2026-01-26 00:00:00+00:00,28.312,28.928,25.913,26.449,19926.86
2026-01-27 00:00:00+00:00,26.703,29.589,23.88,26.008,23609.2
2026-01-28 00:00:00+00:00,26.067,26.928,21.066,21.066,42711.82
2026-01-29 00:00:00+00:00,21.001,23.421,21.001,23.294,33595.38
2026-01-30 00:00:00+00:00,23.393,26.327,20.9,22.804,42134.48
2026-01-31 00:00:00+00:00,22.897,22.897,22.34,22.524,2647.08
2026-02-01 00:00:00+00:00,22.496,22.496,21.298,22.181,2525.94
2026-02-02 00:00:00+00:00,22.203,27.38,20.327,22.855,29335.62
2026-02-03 00:00:00+00:00,22.912,27.454,21.9,25.322,29809.33
2026-02-04 00:00:00+00:00,25.364,26.293,22.13,23.54,19879.93
2026-02-05 00:00:00+00:00,23.646,23.646,19.401,19.737,61871.82
2026-02-06 00:00:00+00:00,19.535,21.89,19.074,21.807,240600.72
2026-02-07 00:00:00+00:00,21.804,22.43,21.41,21.863,132.01
2026-02-08 00:00:00+00:00,21.863,23.066,21.2,21.739,6362.8
2026-02-09 00:00:00+00:00,21.739,23.566,20.97,23.065,62874.23
2026-02-10 00:00:00+00:00,23.248,23.669,21.764,21.937,115537.6
2026-02-11 00:00:00+00:00,21.958,22.806,20.626,21.611,11778.3
2026-02-12 00:00:00+00:00,21.595,21.868,18.763,19.144,18638.87
2026-02-13 00:00:00+00:00,19.091,19.908,18.71,19.413,68707.04
2026-02-14 00:00:00+00:00,19.432,19.701,18.984,19.369,425.51
2026-02-15 00:00:00+00:00,19.264,19.604,19.08,19.37,1691.29
2026-02-16 00:00:00+00:00,19.37,19.746,19.351,19.548,245903.94
2026-02-17 00:00:00+00:00,19.567,19.657,18.467,19.109,54988.36
2026-02-18 00:00:00+00:00,19.06,19.52,18.13,18.42,42152.9
2026-02-19 00:00:00+00:00,18.41,18.469,17.369,18.391,17142.29
2026-02-20 00:00:00+00:00,18.268,18.51,16.86,17.216,14052.77
2026-02-21 00:00:00+00:00,17.218,17.563,16.571,17.261,1026.55
2026-02-22 00:00:00+00:00,16.8,17.261,16.739,17.033,1075.74
2026-02-23 00:00:00+00:00,17.1,18.914,16.833,18.884,15796.84
2026-02-24 00:00:00+00:00,18.797,20.524,18.338,20.306,111326.7
2026-02-25 00:00:00+00:00,20.307,21.116,19.785,20.0,60356.58
2026-02-26 00:00:00+00:00,19.978,21.077,19.474,19.795,82624.47
2026-02-27 00:00:00+00:00,19.834,20.334,18.5,18.953,57871.58
2026-02-28 00:00:00+00:00,18.9,19.243,18.442,18.976,1089.97
2026-03-01 00:00:00+00:00,18.815,19.367,18.491,19.165,36588.13
2026-03-02 00:00:00+00:00,18.888,20.992,18.032,20.822,67647.36
2026-03-03 00:00:00+00:00,20.806,20.806,19.1,19.41,117413.73
2026-03-04 00:00:00+00:00,19.426,20.037,18.783,19.052,83803.59
2026-03-05 00:00:00+00:00,19.029,19.591,18.449,19.123,159851.62
2026-03-06 00:00:00+00:00,19.136,19.426,17.472,17.589,76945.63
2026-03-07 00:00:00+00:00,17.596,17.884,17.449,17.805,2999.54
2026-03-08 00:00:00+00:00,17.806,18.0,17.5,17.793,1521.53
2026-03-09 00:00:00+00:00,17.793,18.849,16.786,18.628,107667.21
2026-03-10 00:00:00+00:00,18.577,20.855,18.518,20.427,98075.65
2026-03-11 00:00:00+00:00,20.396,21.41,20.155,20.628,96310.95
2026-03-12 00:00:00+00:00,20.706,20.971,19.436,19.671,47992.92
2026-03-13 00:00:00+00:00,19.646,20.511,19.16,19.385,82047.61
2026-03-14 00:00:00+00:00,19.445,19.756,19.27,19.613,575.2
2026-03-15 00:00:00+00:00,19.711,19.783,19.104,19.563,1204.13
2026-03-16 00:00:00+00:00,19.555,20.597,18.852,19.481,93864.83
2026-03-17 00:00:00+00:00,19.453,20.189,19.2,19.678,42711.66
2026-03-18 00:00:00+00:00,19.659,19.899,18.333,18.528,57518.11
2026-03-19 00:00:00+00:00,18.598,18.646,17.298,17.954,53689.22
2026-03-20 00:00:00+00:00,17.974,18.153,15.847,16.577,108455.51
2026-03-21 00:00:00+00:00,16.509,16.697,15.799,16.1,6712.98
2026-03-22 00:00:00+00:00,16.212,16.466,15.965,16.098,5495.61
2026-03-23 00:00:00+00:00,16.16,17.731,15.453,17.446,228117.97
2026-03-24 00:00:00+00:00,17.446,17.628,16.261,16.976,134251.83
2026-03-25 00:00:00+00:00,16.99,17.593,16.454,16.717,120702.75
2026-03-26 00:00:00+00:00,16.727,16.84,15.816,16.152,39589.69
2026-03-27 00:00:00+00:00,16.176,16.753,15.055,15.386,36054.1
2026-03-28 00:00:00+00:00,15.426,15.546,15.313,15.433,603.73
2026-03-29 00:00:00+00:00,15.378,15.556,15.315,15.433,231.16
2026-03-30 00:00:00+00:00,15.371,15.959,13.883,14.114,43398.8
2026-03-31 00:00:00+00:00,14.178,15.211,14.087,15.208,64739.92
2026-04-01 00:00:00+00:00,15.252,15.856,14.662,14.979,115890.86
2026-04-02 00:00:00+00:00,14.983,16.316,14.096,15.92,123315.74
2026-04-03 00:00:00+00:00,15.971,16.25,15.925,16.113,945.13
2026-04-04 00:00:00+00:00,16.113,16.194,16.032,16.073,45.35
2026-04-05 00:00:00+00:00,16.072,16.128,15.939,16.128,395.43
2026-04-06 00:00:00+00:00,16.128,16.21,15.118,15.317,50182.78
2026-04-07 00:00:00+00:00,15.334,15.504,14.241,15.404,120384.17
2026-04-08 00:00:00+00:00,15.531,16.973,15.41,16.693,90412.54
2026-04-09 00:00:00+00:00,16.718,17.106,16.087,16.683,28158.71
2026-04-10 00:00:00+00:00,16.751,18.063,16.122,16.317,78372.38
2026-04-11 00:00:00+00:00,16.246,16.589,16.201,16.306,6682.98
2026-04-12 00:00:00+00:00,16.551,16.585,15.808,15.838,23082.03
2026-04-13 00:00:00+00:00,15.738,17.018,15.495,16.892,32183.9
2026-04-14 00:00:00+00:00,16.889,17.609,16.506,17.064,20870.06
2026-04-15 00:00:00+00:00,17.018,18.75,16.988,18.601,31930.44
2026-04-16 00:00:00+00:00,18.528,19.131,17.885,18.445,53209.63
2026-04-17 00:00:00+00:00,18.411,20.83,18.371,19.945,78459.44
2026-04-18 00:00:00+00:00,19.915,20.17,19.681,19.882,2496.17
2026-04-19 00:00:00+00:00,20.009,20.17,19.681,19.856,1472.82
2026-04-20 00:00:00+00:00,19.834,23.695,17.867,22.791,121000.21
2026-04-21 00:00:00+00:00,22.958,24.339,22.106,23.1,116303.46
2026-04-22 00:00:00+00:00,23.178,25.916,23.178,25.245,52952.75
2026-04-23 00:00:00+00:00,25.269,25.487,22.319,23.383,43856.06
2026-04-24 00:00:00+00:00,23.349,24.201,21.654,21.845,29941.44
2026-04-25 00:00:00+00:00,21.935,22.171,21.649,22.072,1162.59
2026-04-26 00:00:00+00:00,21.98,22.9,21.722,22.116,113065.57
2026-04-27 00:00:00+00:00,22.06,23.768,21.61,23.613,130896.6
2026-04-28 00:00:00+00:00,23.613,23.902,21.708,22.982,66164.89
2026-04-29 00:00:00+00:00,22.8,23.403,21.502,22.11,67190.81
2026-04-30 00:00:00+00:00,22.104,26.074,21.864,25.87,150938.8
2026-05-01 00:00:00+00:00,25.9,26.819,23.939,26.37,116228.46
2026-05-02 00:00:00+00:00,26.288,26.91,25.987,26.789,2982.04
2026-05-03 00:00:00+00:00,26.744,26.96,26.152,26.63,6770.7
